#-----------------------------------------------------------
# Vivado v2025.2 (64-bit)
# SW Build 6299465 on Fri Nov 14 19:35:11 GMT 2025
# IP Build 6300035 on Fri Nov 14 10:48:45 MST 2025
# SharedData Build 6298862 on Thu Nov 13 04:50:51 MST 2025
# Start of session at: Mon Jan  5 14:58:09 2026
# Process ID         : 40048
# Current directory  : E:/Projects/RISC-V_CPU/Pipelined_Processor/tcl
# Command line       : vivado.exe -mode batch -source E:/Projects/RISC-V_CPU/Pipelined_Processor/tcl/run_tests.tcl
# Log file           : E:/Projects/RISC-V_CPU/Pipelined_Processor/tcl/vivado.log
# Journal file       : E:/Projects/RISC-V_CPU/Pipelined_Processor/tcl\vivado.jou
# Running On         : Fuuraiko
# Platform           : Windows Server 2016 or Windows 10
# Operating System   : 26200
# Processor Detail   : Intel(R) Core(TM) i7-14700KF
# CPU Frequency      : 3418 MHz
# CPU Physical cores : 20
# CPU Logical cores  : 28
# Host memory        : 51357 MB
# Swap memory        : 51539 MB
# Total Virtual      : 102896 MB
# Available Virtual  : 77787 MB
#-----------------------------------------------------------
source E:/Projects/RISC-V_CPU/Pipelined_Processor/tcl/run_tests.tcl
# open_project "E:/Projects/FPGA/Pipelined_Processor/Pipelined_Processor.xpr"
Scanning sources...
Finished scanning sources
WARNING: [Board 49-26] cannot add Board Part xilinx.com:ac701:part0:1.4 available at D:/AMDDesignTools/2025.2/data/xhub/boards\XilinxBoardStore\boards\Xilinx\ac701\1.4\board.xml as part xc7a200tfbg676-2 specified in board_part file is either invalid or not available
WARNING: [Board 49-26] cannot add Board Part xilinx.com:emb-plus-vpr-4616:part0:1.0 available at D:/AMDDesignTools/2025.2/data/xhub/boards\XilinxBoardStore\boards\Xilinx\emb-plus-vpr-4616\1.0\board.xml as part xcve2302-sfva784-2mp-e-s specified in board_part file is either invalid or not available
WARNING: [Board 49-26] cannot add Board Part xilinx.com:emb-plus-vpr-4616:part0:1.1 available at D:/AMDDesignTools/2025.2/data/xhub/boards\XilinxBoardStore\boards\Xilinx\emb-plus-vpr-4616\1.1\board.xml as part xcve2302-sfva784-2mp-e-s specified in board_part file is either invalid or not available
WARNING: [Board 49-26] cannot add Board Part xilinx.com:k24c:part0:1.0 available at D:/AMDDesignTools/2025.2/data/xhub/boards\XilinxBoardStore\boards\Xilinx\k24c\1.0\board.xml as part xck24-ubva530-2lv-c specified in board_part file is either invalid or not available
WARNING: [Board 49-26] cannot add Board Part xilinx.com:k24c:part0:1.1 available at D:/AMDDesignTools/2025.2/data/xhub/boards\XilinxBoardStore\boards\Xilinx\k24c\1.1\board.xml as part xck24-ubva530-2lv-c specified in board_part file is either invalid or not available
WARNING: [Board 49-26] cannot add Board Part xilinx.com:k24i:part0:1.0 available at D:/AMDDesignTools/2025.2/data/xhub/boards\XilinxBoardStore\boards\Xilinx\k24i\1.0\board.xml as part xck24-ubva530-2lvi-i specified in board_part file is either invalid or not available
WARNING: [Board 49-26] cannot add Board Part xilinx.com:k26c:part0:1.2 available at D:/AMDDesignTools/2025.2/data/xhub/boards\XilinxBoardStore\boards\Xilinx\k26c\1.2\board.xml as part xck26-sfvc784-2lv-c specified in board_part file is either invalid or not available
WARNING: [Board 49-26] cannot add Board Part xilinx.com:k26c:part0:1.3 available at D:/AMDDesignTools/2025.2/data/xhub/boards\XilinxBoardStore\boards\Xilinx\k26c\1.3\board.xml as part xck26-sfvc784-2lv-c specified in board_part file is either invalid or not available
WARNING: [Board 49-26] cannot add Board Part xilinx.com:k26c:part0:1.4 available at D:/AMDDesignTools/2025.2/data/xhub/boards\XilinxBoardStore\boards\Xilinx\k26c\1.4\board.xml as part xck26-sfvc784-2lv-c specified in board_part file is either invalid or not available
WARNING: [Board 49-26] cannot add Board Part xilinx.com:k26i:part0:1.2 available at D:/AMDDesignTools/2025.2/data/xhub/boards\XilinxBoardStore\boards\Xilinx\k26i\1.2\board.xml as part xck26-sfvc784-2lvi-i specified in board_part file is either invalid or not available
WARNING: [Board 49-26] cannot add Board Part xilinx.com:k26i:part0:1.3 available at D:/AMDDesignTools/2025.2/data/xhub/boards\XilinxBoardStore\boards\Xilinx\k26i\1.3\board.xml as part xck26-sfvc784-2lvi-i specified in board_part file is either invalid or not available
WARNING: [Board 49-26] cannot add Board Part xilinx.com:k26i:part0:1.4 available at D:/AMDDesignTools/2025.2/data/xhub/boards\XilinxBoardStore\boards\Xilinx\k26i\1.4\board.xml as part xck26-sfvc784-2lvi-i specified in board_part file is either invalid or not available
WARNING: [Board 49-26] cannot add Board Part xilinx.com:kc705:part0:1.6 available at D:/AMDDesignTools/2025.2/data/xhub/boards\XilinxBoardStore\boards\Xilinx\kc705\1.6\board.xml as part xc7k325tffg900-2 specified in board_part file is either invalid or not available
WARNING: [Board 49-26] cannot add Board Part xilinx.com:kc705:part0:1.7 available at D:/AMDDesignTools/2025.2/data/xhub/boards\XilinxBoardStore\boards\Xilinx\kc705\1.7\board.xml as part xc7k325tffg900-2 specified in board_part file is either invalid or not available
WARNING: [Board 49-26] cannot add Board Part xilinx.com:kcu105:part0:1.6 available at D:/AMDDesignTools/2025.2/data/xhub/boards\XilinxBoardStore\boards\Xilinx\kcu105\1.6\board.xml as part xcku040-ffva1156-2-e specified in board_part file is either invalid or not available
WARNING: [Board 49-26] cannot add Board Part xilinx.com:kcu105:part0:1.7 available at D:/AMDDesignTools/2025.2/data/xhub/boards\XilinxBoardStore\boards\Xilinx\kcu105\1.7\board.xml as part xcku040-ffva1156-2-e specified in board_part file is either invalid or not available
WARNING: [Board 49-26] cannot add Board Part xilinx.com:kcu116:part0:1.4 available at D:/AMDDesignTools/2025.2/data/xhub/boards\XilinxBoardStore\boards\Xilinx\kcu116\1.4\board.xml as part xcku5p-ffvb676-2-e specified in board_part file is either invalid or not available
WARNING: [Board 49-26] cannot add Board Part xilinx.com:kcu116:part0:1.5 available at D:/AMDDesignTools/2025.2/data/xhub/boards\XilinxBoardStore\boards\Xilinx\kcu116\1.5\board.xml as part xcku5p-ffvb676-2-e specified in board_part file is either invalid or not available
WARNING: [Board 49-26] cannot add Board Part xilinx.com:kcu1500:part0:1.2 available at D:/AMDDesignTools/2025.2/data/xhub/boards\XilinxBoardStore\boards\Xilinx\kcu1500\1.2\board.xml as part xcku115-flvb2104-2-e specified in board_part file is either invalid or not available
WARNING: [Board 49-26] cannot add Board Part xilinx.com:kd240_som:part0:1.0 available at D:/AMDDesignTools/2025.2/data/xhub/boards\XilinxBoardStore\boards\Xilinx\kd240_som\1.0\board.xml as part xck24-ubva530-2lv-c specified in board_part file is either invalid or not available
WARNING: [Board 49-26] cannot add Board Part xilinx.com:kd240_som:part0:1.1 available at D:/AMDDesignTools/2025.2/data/xhub/boards\XilinxBoardStore\boards\Xilinx\kd240_som\1.1\board.xml as part xck24-ubva530-2lv-c specified in board_part file is either invalid or not available
WARNING: [Board 49-26] cannot add Board Part xilinx.com:kr260_som:part0:1.0 available at D:/AMDDesignTools/2025.2/data/xhub/boards\XilinxBoardStore\boards\Xilinx\kr260_som\1.0\board.xml as part xck26-sfvc784-2lv-c specified in board_part file is either invalid or not available
WARNING: [Board 49-26] cannot add Board Part xilinx.com:kr260_som:part0:1.1 available at D:/AMDDesignTools/2025.2/data/xhub/boards\XilinxBoardStore\boards\Xilinx\kr260_som\1.1\board.xml as part xck26-sfvc784-2lv-c specified in board_part file is either invalid or not available
WARNING: [Board 49-26] cannot add Board Part xilinx.com:kv260_som:part0:1.2 available at D:/AMDDesignTools/2025.2/data/xhub/boards\XilinxBoardStore\boards\Xilinx\kv260_som\1.2\board.xml as part xck26-sfvc784-2lv-c specified in board_part file is either invalid or not available
WARNING: [Board 49-26] cannot add Board Part xilinx.com:kv260_som:part0:1.3 available at D:/AMDDesignTools/2025.2/data/xhub/boards\XilinxBoardStore\boards\Xilinx\kv260_som\1.3\board.xml as part xck26-sfvc784-2lv-c specified in board_part file is either invalid or not available
WARNING: [Board 49-26] cannot add Board Part xilinx.com:kv260_som:part0:1.4 available at D:/AMDDesignTools/2025.2/data/xhub/boards\XilinxBoardStore\boards\Xilinx\kv260_som\1.4\board.xml as part xck26-sfvc784-2lv-c specified in board_part file is either invalid or not available
WARNING: [Board 49-26] cannot add Board Part xilinx.com:scu35:part0:1.0 available at D:/AMDDesignTools/2025.2/data/xhub/boards\XilinxBoardStore\boards\Xilinx\scu35\1.0\board.xml as part xcsu35p-sbvb625-2-e specified in board_part file is either invalid or not available
WARNING: [Board 49-26] cannot add Board Part xilinx.com:sp701:part0:1.0 available at D:/AMDDesignTools/2025.2/data/xhub/boards\XilinxBoardStore\boards\Xilinx\sp701\1.0\board.xml as part xc7s100fgga676-2 specified in board_part file is either invalid or not available
WARNING: [Board 49-26] cannot add Board Part xilinx.com:sp701:part0:1.1 available at D:/AMDDesignTools/2025.2/data/xhub/boards\XilinxBoardStore\boards\Xilinx\sp701\1.1\board.xml as part xc7s100fgga676-2 specified in board_part file is either invalid or not available
WARNING: [Board 49-26] cannot add Board Part xilinx.com:v80:part0:1.0 available at D:/AMDDesignTools/2025.2/data/xhub/boards\XilinxBoardStore\boards\Xilinx\v80\1.0\board.xml as part xcv80-lsva4737-2mhp-e-s specified in board_part file is either invalid or not available
WARNING: [Board 49-26] cannot add Board Part xilinx.com:vc707:part0:1.4 available at D:/AMDDesignTools/2025.2/data/xhub/boards\XilinxBoardStore\boards\Xilinx\vc707\1.4\board.xml as part xc7vx485tffg1761-2 specified in board_part file is either invalid or not available
WARNING: [Board 49-26] cannot add Board Part xilinx.com:vc707:part0:1.5 available at D:/AMDDesignTools/2025.2/data/xhub/boards\XilinxBoardStore\boards\Xilinx\vc707\1.5\board.xml as part xc7vx485tffg1761-2 specified in board_part file is either invalid or not available
WARNING: [Board 49-26] cannot add Board Part xilinx.com:vc709:part0:1.8 available at D:/AMDDesignTools/2025.2/data/xhub/boards\XilinxBoardStore\boards\Xilinx\vc709\1.8\board.xml as part xc7vx690tffg1761-2 specified in board_part file is either invalid or not available
WARNING: [Board 49-26] cannot add Board Part xilinx.com:vck190:part0:2.2 available at D:/AMDDesignTools/2025.2/data/xhub/boards\XilinxBoardStore\boards\Xilinx\vck190\production\2.2\board.xml as part xcvc1902-vsva2197-2mp-e-s specified in board_part file is either invalid or not available
WARNING: [Board 49-26] cannot add Board Part xilinx.com:vck190:part0:3.0 available at D:/AMDDesignTools/2025.2/data/xhub/boards\XilinxBoardStore\boards\Xilinx\vck190\production\3.0\board.xml as part xcvc1902-vsva2197-2mp-e-s specified in board_part file is either invalid or not available
WARNING: [Board 49-26] cannot add Board Part xilinx.com:vck190:part0:3.1 available at D:/AMDDesignTools/2025.2/data/xhub/boards\XilinxBoardStore\boards\Xilinx\vck190\production\3.1\board.xml as part xcvc1902-vsva2197-2mp-e-s specified in board_part file is either invalid or not available
WARNING: [Board 49-26] cannot add Board Part xilinx.com:vck190:part0:3.2 available at D:/AMDDesignTools/2025.2/data/xhub/boards\XilinxBoardStore\boards\Xilinx\vck190\production\3.2\board.xml as part xcvc1902-vsva2197-2mp-e-s specified in board_part file is either invalid or not available
WARNING: [Board 49-26] cannot add Board Part xilinx.com:vck190:part0:3.3 available at D:/AMDDesignTools/2025.2/data/xhub/boards\XilinxBoardStore\boards\Xilinx\vck190\production\3.3\board.xml as part xcvc1902-vsva2197-2mp-e-s specified in board_part file is either invalid or not available
WARNING: [Board 49-26] cannot add Board Part xilinx.com:vck190:part0:3.4 available at D:/AMDDesignTools/2025.2/data/xhub/boards\XilinxBoardStore\boards\Xilinx\vck190\production\3.4\board.xml as part xcvc1902-vsva2197-2mp-e-s specified in board_part file is either invalid or not available
WARNING: [Board 49-26] cannot add Board Part xilinx.com:vck190_newl:part0:1.0 available at D:/AMDDesignTools/2025.2/data/xhub/boards\XilinxBoardStore\boards\Xilinx\vck190_newl\production\1.0\board.xml as part xcvc1902-vsva2197-2mp-e-s specified in board_part file is either invalid or not available
WARNING: [Board 49-26] cannot add Board Part xilinx.com:vck190_newl:part0:1.1 available at D:/AMDDesignTools/2025.2/data/xhub/boards\XilinxBoardStore\boards\Xilinx\vck190_newl\production\1.1\board.xml as part xcvc1902-vsva2197-2mp-e-s specified in board_part file is either invalid or not available
WARNING: [Board 49-26] cannot add Board Part xilinx.com:vck190_newl:part0:1.2 available at D:/AMDDesignTools/2025.2/data/xhub/boards\XilinxBoardStore\boards\Xilinx\vck190_newl\production\1.2\board.xml as part xcvc1902-vsva2197-2mp-e-s specified in board_part file is either invalid or not available
WARNING: [Board 49-26] cannot add Board Part xilinx.com:vck190_newl:part0:1.3 available at D:/AMDDesignTools/2025.2/data/xhub/boards\XilinxBoardStore\boards\Xilinx\vck190_newl\production\1.3\board.xml as part xcvc1902-vsva2197-2mp-e-s specified in board_part file is either invalid or not available
WARNING: [Board 49-26] cannot add Board Part xilinx.com:vcu108:part0:1.6 available at D:/AMDDesignTools/2025.2/data/xhub/boards\XilinxBoardStore\boards\Xilinx\vcu108\1.6\board.xml as part xcvu095-ffva2104-2-e specified in board_part file is either invalid or not available
WARNING: [Board 49-26] cannot add Board Part xilinx.com:vcu108:part0:1.7 available at D:/AMDDesignTools/2025.2/data/xhub/boards\XilinxBoardStore\boards\Xilinx\vcu108\1.7\board.xml as part xcvu095-ffva2104-2-e specified in board_part file is either invalid or not available
WARNING: [Board 49-26] cannot add Board Part xilinx.com:vcu110:part0:1.4 available at D:/AMDDesignTools/2025.2/data/xhub/boards\XilinxBoardStore\boards\Xilinx\vcu110\1.4\board.xml as part xcvu190-flgc2104-2-e specified in board_part file is either invalid or not available
WARNING: [Board 49-26] cannot add Board Part xilinx.com:vcu118:part0:2.0 available at D:/AMDDesignTools/2025.2/data/xhub/boards\XilinxBoardStore\boards\Xilinx\vcu118\2.0\board.xml as part xcvu9p-flga2104-2l-e specified in board_part file is either invalid or not available
WARNING: [Board 49-26] cannot add Board Part xilinx.com:vcu118:part0:2.3 available at D:/AMDDesignTools/2025.2/data/xhub/boards\XilinxBoardStore\boards\Xilinx\vcu118\2.3\board.xml as part xcvu9p-flga2104-2l-e specified in board_part file is either invalid or not available
WARNING: [Board 49-26] cannot add Board Part xilinx.com:vcu118:part0:2.4 available at D:/AMDDesignTools/2025.2/data/xhub/boards\XilinxBoardStore\boards\Xilinx\vcu118\2.4\board.xml as part xcvu9p-flga2104-2l-e specified in board_part file is either invalid or not available
WARNING: [Board 49-26] cannot add Board Part xilinx.com:vcu128:part0:1.0 available at D:/AMDDesignTools/2025.2/data/xhub/boards\XilinxBoardStore\boards\Xilinx\vcu128\production\1.0\board.xml as part xcvu37p-fsvh2892-2l-e specified in board_part file is either invalid or not available
WARNING: [Board 49-26] cannot add Board Part xilinx.com:vcu129:part0:1.0 available at D:/AMDDesignTools/2025.2/data/xhub/boards\XilinxBoardStore\boards\Xilinx\vcu129\production\1.0\board.xml as part xcvu29p-fsga2577-2l-e specified in board_part file is either invalid or not available
WARNING: [Board 49-26] cannot add Board Part xilinx.com:vcu1525:part0:1.3 available at D:/AMDDesignTools/2025.2/data/xhub/boards\XilinxBoardStore\boards\Xilinx\vcu1525\1.3\board.xml as part xcvu9p-fsgd2104-2l-e specified in board_part file is either invalid or not available
WARNING: [Board 49-26] cannot add Board Part xilinx.com:vek280:part0:1.0 available at D:/AMDDesignTools/2025.2/data/xhub/boards\XilinxBoardStore\boards\Xilinx\vek280\production\1.0\board.xml as part xcve2802-vsvh1760-2mp-e-s specified in board_part file is either invalid or not available
WARNING: [Board 49-26] cannot add Board Part xilinx.com:vek280:part0:1.1 available at D:/AMDDesignTools/2025.2/data/xhub/boards\XilinxBoardStore\boards\Xilinx\vek280\production\1.1\board.xml as part xcve2802-vsvh1760-2mp-e-s specified in board_part file is either invalid or not available
WARNING: [Board 49-26] cannot add Board Part xilinx.com:vek280:part0:1.2 available at D:/AMDDesignTools/2025.2/data/xhub/boards\XilinxBoardStore\boards\Xilinx\vek280\production\1.2\board.xml as part xcve2802-vsvh1760-2mp-e-s specified in board_part file is either invalid or not available
WARNING: [Board 49-26] cannot add Board Part xilinx.com:vek385:part0:1.0 available at D:/AMDDesignTools/2025.2/data/xhub/boards\XilinxBoardStore\boards\Xilinx\vek385\1.0\board.xml as part xc2ve3858-ssva2112-2mp-e-s specified in board_part file is either invalid or not available
WARNING: [Board 49-26] cannot add Board Part xilinx.com:vek385:part0:1.1 available at D:/AMDDesignTools/2025.2/data/xhub/boards\XilinxBoardStore\boards\Xilinx\vek385\1.1\board.xml as part xc2ve3858-ssva2112-2mp-e-s specified in board_part file is either invalid or not available
WARNING: [Board 49-26] cannot add Board Part xilinx.com:vek385_1:part0:1.0 available at D:/AMDDesignTools/2025.2/data/xhub/boards\XilinxBoardStore\boards\Xilinx\vek385_2\1.0\board.xml as part xc2ve3858-ssva2112-2mp-e-s specified in board_part file is either invalid or not available
WARNING: [Board 49-26] cannot add Board Part xilinx.com:vermeo_t1_mpsoc:part0:1.0 available at D:/AMDDesignTools/2025.2/data/xhub/boards\XilinxBoardStore\boards\Xilinx\vermeo_t1_mpsoc\1.0\board.xml as part xczu19eg-ffvd1760-2l-e specified in board_part file is either invalid or not available
WARNING: [Board 49-26] cannot add Board Part xilinx.com:vermeo_t1_rfsoc:part0:1.0 available at D:/AMDDesignTools/2025.2/data/xhub/boards\XilinxBoardStore\boards\Xilinx\vermeo_t1_rfsoc\1.0\board.xml as part xczu21dr-ffvd1156-2l-e specified in board_part file is either invalid or not available
WARNING: [Board 49-26] cannot add Board Part xilinx.com:vhk158:part0:1.0 available at D:/AMDDesignTools/2025.2/data/xhub/boards\XilinxBoardStore\boards\Xilinx\vhk158\production\1.0\board.xml as part xcvh1582-vsva3697-2mp-e-s specified in board_part file is either invalid or not available
WARNING: [Board 49-26] cannot add Board Part xilinx.com:vhk158:part0:1.1 available at D:/AMDDesignTools/2025.2/data/xhub/boards\XilinxBoardStore\boards\Xilinx\vhk158\production\1.1\board.xml as part xcvh1582-vsva3697-2mp-e-s specified in board_part file is either invalid or not available
WARNING: [Board 49-26] cannot add Board Part xilinx.com:vhk158:part0:1.2 available at D:/AMDDesignTools/2025.2/data/xhub/boards\XilinxBoardStore\boards\Xilinx\vhk158\production\1.2\board.xml as part xcvh1582-vsva3697-2mp-e-s specified in board_part file is either invalid or not available
WARNING: [Board 49-26] cannot add Board Part xilinx.com:vmk180:part0:2.2 available at D:/AMDDesignTools/2025.2/data/xhub/boards\XilinxBoardStore\boards\Xilinx\vmk180\production\2.2\board.xml as part xcvm1802-vsva2197-2mp-e-s specified in board_part file is either invalid or not available
WARNING: [Board 49-26] cannot add Board Part xilinx.com:vmk180:part0:3.0 available at D:/AMDDesignTools/2025.2/data/xhub/boards\XilinxBoardStore\boards\Xilinx\vmk180\production\3.0\board.xml as part xcvm1802-vsva2197-2mp-e-s specified in board_part file is either invalid or not available
WARNING: [Board 49-26] cannot add Board Part xilinx.com:vmk180:part0:3.1 available at D:/AMDDesignTools/2025.2/data/xhub/boards\XilinxBoardStore\boards\Xilinx\vmk180\production\3.1\board.xml as part xcvm1802-vsva2197-2mp-e-s specified in board_part file is either invalid or not available
WARNING: [Board 49-26] cannot add Board Part xilinx.com:vmk180:part0:3.2 available at D:/AMDDesignTools/2025.2/data/xhub/boards\XilinxBoardStore\boards\Xilinx\vmk180\production\3.2\board.xml as part xcvm1802-vsva2197-2mp-e-s specified in board_part file is either invalid or not available
WARNING: [Board 49-26] cannot add Board Part xilinx.com:vmk180:part0:3.3 available at D:/AMDDesignTools/2025.2/data/xhub/boards\XilinxBoardStore\boards\Xilinx\vmk180\production\3.3\board.xml as part xcvm1802-vsva2197-2mp-e-s specified in board_part file is either invalid or not available
WARNING: [Board 49-26] cannot add Board Part xilinx.com:vmk180_newl:part0:1.0 available at D:/AMDDesignTools/2025.2/data/xhub/boards\XilinxBoardStore\boards\Xilinx\vmk180_newl\production\1.0\board.xml as part xcvm1802-vsva2197-2mp-e-s specified in board_part file is either invalid or not available
WARNING: [Board 49-26] cannot add Board Part xilinx.com:vmk180_newl:part0:1.1 available at D:/AMDDesignTools/2025.2/data/xhub/boards\XilinxBoardStore\boards\Xilinx\vmk180_newl\production\1.1\board.xml as part xcvm1802-vsva2197-2mp-e-s specified in board_part file is either invalid or not available
WARNING: [Board 49-26] cannot add Board Part xilinx.com:vpk120:part0:1.0 available at D:/AMDDesignTools/2025.2/data/xhub/boards\XilinxBoardStore\boards\Xilinx\vpk120\production\1.0\board.xml as part xcvp1202-vsva2785-2mp-e-s specified in board_part file is either invalid or not available
WARNING: [Board 49-26] cannot add Board Part xilinx.com:vpk120:part0:1.1 available at D:/AMDDesignTools/2025.2/data/xhub/boards\XilinxBoardStore\boards\Xilinx\vpk120\production\1.1\board.xml as part xcvp1202-vsva2785-2mp-e-s specified in board_part file is either invalid or not available
WARNING: [Board 49-26] cannot add Board Part xilinx.com:vpk120:part0:1.2 available at D:/AMDDesignTools/2025.2/data/xhub/boards\XilinxBoardStore\boards\Xilinx\vpk120\production\1.2\board.xml as part xcvp1202-vsva2785-2mp-e-s specified in board_part file is either invalid or not available
WARNING: [Board 49-26] cannot add Board Part xilinx.com:vpk180:part0:1.0 available at D:/AMDDesignTools/2025.2/data/xhub/boards\XilinxBoardStore\boards\Xilinx\vpk180\production\1.0\board.xml as part xcvp1802-lsvc4072-2mp-e-s specified in board_part file is either invalid or not available
WARNING: [Board 49-26] cannot add Board Part xilinx.com:vpk180:part0:1.1 available at D:/AMDDesignTools/2025.2/data/xhub/boards\XilinxBoardStore\boards\Xilinx\vpk180\production\1.1\board.xml as part xcvp1802-lsvc4072-2mp-e-s specified in board_part file is either invalid or not available
WARNING: [Board 49-26] cannot add Board Part xilinx.com:vpk180:part0:1.2 available at D:/AMDDesignTools/2025.2/data/xhub/boards\XilinxBoardStore\boards\Xilinx\vpk180\production\1.2\board.xml as part xcvp1802-lsvc4072-2mp-e-s specified in board_part file is either invalid or not available
WARNING: [Board 49-26] cannot add Board Part xilinx.com:vrk160:part0:1.0 available at D:/AMDDesignTools/2025.2/data/xhub/boards\XilinxBoardStore\boards\Xilinx\vrk160\1.0\board.xml as part xcvr1602-vsva2488-2mp-e-s-es1 specified in board_part file is either invalid or not available
WARNING: [Board 49-26] cannot add Board Part xilinx.com:vrk160:part0:1.1 available at D:/AMDDesignTools/2025.2/data/xhub/boards\XilinxBoardStore\boards\Xilinx\vrk160\1.1\board.xml as part xcvr1602-vsva2488-2mp-e-s-es1 specified in board_part file is either invalid or not available
WARNING: [Board 49-26] cannot add Board Part xilinx.com:zcu102:part0:3.3 available at D:/AMDDesignTools/2025.2/data/xhub/boards\XilinxBoardStore\boards\Xilinx\zcu102\3.3\board.xml as part xczu9eg-ffvb1156-2-e specified in board_part file is either invalid or not available
WARNING: [Board 49-26] cannot add Board Part xilinx.com:zcu102:part0:3.4 available at D:/AMDDesignTools/2025.2/data/xhub/boards\XilinxBoardStore\boards\Xilinx\zcu102\3.4\board.xml as part xczu9eg-ffvb1156-2-e specified in board_part file is either invalid or not available
WARNING: [Board 49-26] cannot add Board Part xilinx.com:zcu104:part0:1.1 available at D:/AMDDesignTools/2025.2/data/xhub/boards\XilinxBoardStore\boards\Xilinx\zcu104\1.1\board.xml as part xczu7ev-ffvc1156-2-e specified in board_part file is either invalid or not available
WARNING: [Board 49-26] cannot add Board Part xilinx.com:zcu106:part0:2.4 available at D:/AMDDesignTools/2025.2/data/xhub/boards\XilinxBoardStore\boards\Xilinx\zcu106\2.4\board.xml as part xczu7ev-ffvc1156-2-e specified in board_part file is either invalid or not available
WARNING: [Board 49-26] cannot add Board Part xilinx.com:zcu106:part0:2.5 available at D:/AMDDesignTools/2025.2/data/xhub/boards\XilinxBoardStore\boards\Xilinx\zcu106\2.5\board.xml as part xczu7ev-ffvc1156-2-e specified in board_part file is either invalid or not available
WARNING: [Board 49-26] cannot add Board Part xilinx.com:zcu106:part0:2.6 available at D:/AMDDesignTools/2025.2/data/xhub/boards\XilinxBoardStore\boards\Xilinx\zcu106\2.6\board.xml as part xczu7ev-ffvc1156-2-e specified in board_part file is either invalid or not available
WARNING: [Board 49-26] cannot add Board Part xilinx.com:zcu111:part0:1.2 available at D:/AMDDesignTools/2025.2/data/xhub/boards\XilinxBoardStore\boards\Xilinx\zcu111\1.2\board.xml as part xczu28dr-ffvg1517-2-e specified in board_part file is either invalid or not available
WARNING: [Board 49-26] cannot add Board Part xilinx.com:zcu111:part0:1.3 available at D:/AMDDesignTools/2025.2/data/xhub/boards\XilinxBoardStore\boards\Xilinx\zcu111\1.3\board.xml as part xczu28dr-ffvg1517-2-e specified in board_part file is either invalid or not available
WARNING: [Board 49-26] cannot add Board Part xilinx.com:zcu111:part0:1.4 available at D:/AMDDesignTools/2025.2/data/xhub/boards\XilinxBoardStore\boards\Xilinx\zcu111\1.4\board.xml as part xczu28dr-ffvg1517-2-e specified in board_part file is either invalid or not available
WARNING: [Board 49-26] cannot add Board Part xilinx.com:zcu1275:part0:1.0 available at D:/AMDDesignTools/2025.2/data/xhub/boards\XilinxBoardStore\boards\Xilinx\zcu1275\1.0\board.xml as part xczu29dr-ffvf1760-2-e specified in board_part file is either invalid or not available
WARNING: [Board 49-26] cannot add Board Part xilinx.com:zcu1285:part0:1.0 available at D:/AMDDesignTools/2025.2/data/xhub/boards\XilinxBoardStore\boards\Xilinx\zcu1285\1.0\board.xml as part xczu39dr-ffvf1760-2-i specified in board_part file is either invalid or not available
WARNING: [Board 49-26] cannot add Board Part xilinx.com:zcu208:part0:2.0 available at D:/AMDDesignTools/2025.2/data/xhub/boards\XilinxBoardStore\boards\Xilinx\zcu208\production\2.0\board.xml as part xczu48dr-fsvg1517-2-e specified in board_part file is either invalid or not available
WARNING: [Board 49-26] cannot add Board Part xilinx.com:zcu208ld:part0:2.0 available at D:/AMDDesignTools/2025.2/data/xhub/boards\XilinxBoardStore\boards\Xilinx\zcu208ld\production\2.0\board.xml as part xczu58dr-fsvg1517-2-i specified in board_part file is either invalid or not available
WARNING: [Board 49-26] cannot add Board Part xilinx.com:zcu216:part0:2.0 available at D:/AMDDesignTools/2025.2/data/xhub/boards\XilinxBoardStore\boards\Xilinx\zcu216\production\2.0\board.xml as part xczu49dr-ffvf1760-2-e specified in board_part file is either invalid or not available
WARNING: [Board 49-26] cannot add Board Part xilinx.com:zcu216ld:part0:2.0 available at D:/AMDDesignTools/2025.2/data/xhub/boards\XilinxBoardStore\boards\Xilinx\zcu216ld\production\2.0\board.xml as part xczu59dr-ffvf1760-2-i specified in board_part file is either invalid or not available
WARNING: [Board 49-26] cannot add Board Part xilinx.com:zcu670:part0:2.0 available at D:/AMDDesignTools/2025.2/data/xhub/boards\XilinxBoardStore\boards\Xilinx\zcu670\2.0\board.xml as part xczu67dr-fsve1156-2-i specified in board_part file is either invalid or not available
WARNING: [Board 49-26] cannot add Board Part xilinx.com:zcu670ld:part0:1.0 available at D:/AMDDesignTools/2025.2/data/xhub/boards\XilinxBoardStore\boards\Xilinx\zcu670ld\1.0\board.xml as part xczu57dr-fsve1156-2-i specified in board_part file is either invalid or not available
WARNING: [Project 1-5713] Board part '' set for the project  is not found. BoardPart property will be unset. Please select board from latest repo build 
INFO: [IP_Flow 19-234] Refreshing IP repositories
INFO: [IP_Flow 19-1704] No user IP repositories specified
INFO: [IP_Flow 19-2313] Loaded Vivado IP repository 'D:/AMDDesignTools/2025.2/Vivado/data/ip'.
open_project: Time (s): cpu = 00:00:11 ; elapsed = 00:00:07 . Memory (MB): peak = 532.938 ; gain = 226.785
# launch_simulation
Command: launch_simulation 
INFO: [Vivado 12-25911] Executing simulation for 'XSim' simulator
INFO: [Vivado 12-28535] Process started - Mon Jan  5 14:58:19 2026

INFO: [Vivado 12-12493] Simulation top is 'tb_riscv'
INFO: [Vivado 12-5698] Checking validity of IPs in the design for the 'XSim' simulator...
INFO: [Vivado 12-5682] Launching behavioral simulation in 'E:/Projects/FPGA/Pipelined_Processor/Pipelined_Processor.sim/sim_1/behav/xsim'
INFO: [Vivado 12-13660] Precompiled IP simulation library mode is enabled (default). The design IP libraries will be referenced from the compiled library path. Please note that if the precompiled version of the library is not found from the path or the IP is in locked state, then the library source files for these IPs will be compiled locally as part of the compile order.
INFO: [Vivado 12-4795] Using compiled simulation libraries for IPs
INFO: [SIM-utils-51] Simulation object is 'sim_1'
INFO: [SIM-utils-72] Using boost library from 'D:/AMDDesignTools/2025.2/Vivado/tps/boost_1_72_0'
INFO: [USF-XSim-7] Finding pre-compiled libraries...
INFO: [USF-XSim-11] File 'D:/AMDDesignTools/2025.2/Vivado/data/xsim/xsim.ini' copied to run dir:'E:/Projects/FPGA/Pipelined_Processor/Pipelined_Processor.sim/sim_1/behav/xsim'
INFO: [SIM-utils-54] Inspecting design source files for 'tb_riscv' in fileset 'sim_1'...
INFO: [SIM-utils-43] Exported 'E:/Projects/FPGA/Pipelined_Processor/Pipelined_Processor.sim/sim_1/behav/xsim/RAM.mif'
INFO: [SIM-utils-43] Exported 'E:/Projects/FPGA/Pipelined_Processor/Pipelined_Processor.sim/sim_1/behav/xsim/main.coe'
INFO: [SIM-utils-43] Exported 'E:/Projects/FPGA/Pipelined_Processor/Pipelined_Processor.sim/sim_1/behav/xsim/current_test.hex'
INFO: [USF-XSim-97] Finding global include files...
INFO: [USF-XSim-100] Fetching design files from 'sources_1'...(this may take a while)...
INFO: [USF-XSim-101] Fetching design files from 'sim_1'...
INFO: [USF-XSim-2] XSim::Compile design
INFO: [USF-XSim-61] Executing 'COMPILE and ANALYZE' step in 'E:/Projects/FPGA/Pipelined_Processor/Pipelined_Processor.sim/sim_1/behav/xsim'
"xvlog --incr --relax -prj tb_riscv_vlog.prj"
INFO: [VRFC 10-2263] Analyzing Verilog file "E:/Projects/FPGA/Pipelined_Processor/Pipelined_Processor.gen/sources_1/ip/clk_wiz_0/clk_wiz_0_clk_wiz.v" into library xil_defaultlib
INFO: [VRFC 10-311] analyzing module clk_wiz_0_clk_wiz
INFO: [VRFC 10-2263] Analyzing Verilog file "E:/Projects/FPGA/Pipelined_Processor/Pipelined_Processor.gen/sources_1/ip/clk_wiz_0/clk_wiz_0.v" into library xil_defaultlib
INFO: [VRFC 10-311] analyzing module clk_wiz_0
INFO: [VRFC 10-2263] Analyzing Verilog file "E:/Projects/FPGA/Pipelined_Processor/Pipelined_Processor.ip_user_files/ip/RAM/sim/RAM.v" into library xil_defaultlib
INFO: [VRFC 10-311] analyzing module RAM
INFO: [VRFC 10-2263] Analyzing Verilog file "E:/Projects/RISC-V_CPU/Pipelined_Processor/rtl/alu.v" into library xil_defaultlib
INFO: [VRFC 10-311] analyzing module alu
INFO: [VRFC 10-2263] Analyzing Verilog file "E:/Projects/RISC-V_CPU/Pipelined_Processor/rtl/controller.v" into library xil_defaultlib
INFO: [VRFC 10-311] analyzing module controller
INFO: [VRFC 10-2263] Analyzing Verilog file "E:/Projects/RISC-V_CPU/Pipelined_Processor/rtl/csr_file.v" into library xil_defaultlib
INFO: [VRFC 10-311] analyzing module csr_file
INFO: [VRFC 10-2263] Analyzing Verilog file "E:/Projects/RISC-V_CPU/Pipelined_Processor/rtl/datapath.v" into library xil_defaultlib
INFO: [VRFC 10-311] analyzing module datapath
INFO: [VRFC 10-2263] Analyzing Verilog file "E:/Projects/RISC-V_CPU/Pipelined_Processor/rtl/extend_unit.v" into library xil_defaultlib
INFO: [VRFC 10-311] analyzing module extend_unit
INFO: [VRFC 10-2263] Analyzing Verilog file "E:/Projects/RISC-V_CPU/Pipelined_Processor/rtl/hazard_unit.v" into library xil_defaultlib
INFO: [VRFC 10-311] analyzing module hazard_unit
INFO: [VRFC 10-2263] Analyzing Verilog file "E:/Projects/RISC-V_CPU/Pipelined_Processor/rtl/processor_core.v" into library xil_defaultlib
INFO: [VRFC 10-311] analyzing module processor_core
INFO: [VRFC 10-2263] Analyzing Verilog file "E:/Projects/RISC-V_CPU/Pipelined_Processor/rtl/reg_file.v" into library xil_defaultlib
INFO: [VRFC 10-311] analyzing module reg_file
INFO: [VRFC 10-2263] Analyzing Verilog file "E:/Projects/RISC-V_CPU/Pipelined_Processor/rtl/top.v" into library xil_defaultlib
INFO: [VRFC 10-311] analyzing module top
INFO: [VRFC 10-2263] Analyzing Verilog file "E:/Projects/RISC-V_CPU/Pipelined_Processor/rtl/axi_bridge.v" into library xil_defaultlib
INFO: [VRFC 10-311] analyzing module axi_bridge
INFO: [VRFC 10-2263] Analyzing Verilog file "E:/Projects/RISC-V_CPU/Pipelined_Processor/tb/tb_riscv.v" into library xil_defaultlib
INFO: [VRFC 10-311] analyzing module tb_riscv
"xvhdl --incr --relax -prj tb_riscv_vhdl.prj"
INFO: [USF-XSim-69] 'compile' step finished in '2' seconds
INFO: [USF-XSim-3] XSim::Elaborate design
INFO: [USF-XSim-61] Executing 'ELABORATE' step in 'E:/Projects/FPGA/Pipelined_Processor/Pipelined_Processor.sim/sim_1/behav/xsim'
"xelab --incr --debug typical --relax --mt 2 -L xil_defaultlib -L blk_mem_gen_v8_4_12 -L axi_lite_ipif_v3_0_4 -L axi_uartlite_v2_0_39 -L unisims_ver -L unimacro_ver -L secureip -L xpm --snapshot tb_riscv_behav xil_defaultlib.tb_riscv xil_defaultlib.glbl -log elaborate.log"
Vivado Simulator v2025.2
Copyright 1986-2022 Xilinx, Inc. All Rights Reserved.
Copyright 2022-2025 Advanced Micro Devices, Inc. All Rights Reserved.
Running: D:/AMDDesignTools/2025.2/Vivado/bin/unwrapped/win64.o/xelab.exe --incr --debug typical --relax --mt 2 -L xil_defaultlib -L blk_mem_gen_v8_4_12 -L axi_lite_ipif_v3_0_4 -L axi_uartlite_v2_0_39 -L unisims_ver -L unimacro_ver -L secureip -L xpm --snapshot tb_riscv_behav xil_defaultlib.tb_riscv xil_defaultlib.glbl -log elaborate.log 
Using 2 slave threads.
Starting static elaboration
Pass Through NonSizing Optimizer
Completed static elaboration
Starting simulation data flow analysis
Completed simulation data flow analysis
Time Resolution for simulation is 1ps
Compiling package std.standard
Compiling package std.textio
Compiling package ieee.std_logic_1164
Compiling package ieee.numeric_std
Compiling package ieee.std_logic_arith
Compiling package ieee.std_logic_unsigned
Compiling package axi_lite_ipif_v3_0_4.ipif_pkg
Compiling package xpm.vcomponents
Compiling package synopsys.attributes
Compiling package ieee.std_logic_misc
Compiling module xil_defaultlib.controller
Compiling module xil_defaultlib.reg_file
Compiling module xil_defaultlib.extend_unit
Compiling module xil_defaultlib.alu
Compiling module xil_defaultlib.csr_file
Compiling module xil_defaultlib.datapath
Compiling module xil_defaultlib.hazard_unit
Compiling module xil_defaultlib.processor_core
Compiling module unisims_ver.IBUF
Compiling module unisims_ver.MMCME2_ADV(CLKFBOUT_MULT_F=18.0,...
Compiling module unisims_ver.BUFG
Compiling module xil_defaultlib.clk_wiz_0_clk_wiz
Compiling module xil_defaultlib.clk_wiz_0
Compiling module blk_mem_gen_v8_4_12.blk_mem_gen_v8_4_12_output_stage...
Compiling module blk_mem_gen_v8_4_12.blk_mem_gen_v8_4_12_softecc_outp...
Compiling module blk_mem_gen_v8_4_12.blk_mem_gen_v8_4_12_mem_module(C...
Compiling module blk_mem_gen_v8_4_12.blk_mem_gen_v8_4_12(C_FAMILY="zy...
Compiling module xil_defaultlib.RAM
Compiling module xil_defaultlib.axi_bridge
Compiling architecture rtl of entity axi_uartlite_v2_0_39.baudrate [\baudrate(c_ratio=469)\]
Compiling module xpm.xpm_cdc_single(DEST_SYNC_FF=4,IN...
Compiling architecture imp of entity axi_uartlite_v2_0_39.srl_fifo [\srl_fifo(c_dwidth=8,c_depth=16)...]
Compiling architecture rtl of entity axi_uartlite_v2_0_39.uartlite_rx [\uartlite_rx(c_family="zynq")(1,...]
Compiling architecture rtl of entity axi_uartlite_v2_0_39.uartlite_tx [\uartlite_tx(c_family="zynq")(1,...]
Compiling architecture rtl of entity axi_uartlite_v2_0_39.uartlite_core [\uartlite_core(c_family="zynq",c...]
Compiling architecture imp of entity axi_lite_ipif_v3_0_4.pselect_f [\pselect_f(c_ab=2,c_aw=2,c_bar="...]
Compiling architecture imp of entity axi_lite_ipif_v3_0_4.pselect_f [\pselect_f(c_ab=2,c_aw=2,c_bar="...]
Compiling architecture imp of entity axi_lite_ipif_v3_0_4.pselect_f [\pselect_f(c_ab=2,c_aw=2,c_bar="...]
Compiling architecture imp of entity axi_lite_ipif_v3_0_4.pselect_f [\pselect_f(c_ab=2,c_aw=2,c_bar="...]
Compiling architecture imp of entity axi_lite_ipif_v3_0_4.address_decoder [\address_decoder(c_bus_awidth=4,...]
Compiling architecture imp of entity axi_lite_ipif_v3_0_4.slave_attachment [\slave_attachment(c_ard_addr_ran...]
Compiling architecture imp of entity axi_lite_ipif_v3_0_4.axi_lite_ipif [\axi_lite_ipif(c_s_axi_addr_widt...]
Compiling architecture rtl of entity axi_uartlite_v2_0_39.axi_uartlite [\axi_uartlite(c_family="zynq",c_...]
Compiling architecture axi_uartlite_0_arch of entity xil_defaultlib.axi_uartlite_0 [axi_uartlite_0_default]
Compiling module xil_defaultlib.top
Compiling module xil_defaultlib.tb_riscv
Compiling module xil_defaultlib.glbl
Built simulation snapshot tb_riscv_behav
run_program: Time (s): cpu = 00:00:00 ; elapsed = 00:00:08 . Memory (MB): peak = 551.242 ; gain = 0.000
INFO: [USF-XSim-69] 'elaborate' step finished in '9' seconds
INFO: [USF-XSim-4] XSim::Simulate design
INFO: [USF-XSim-61] Executing 'SIMULATE' step in 'E:/Projects/FPGA/Pipelined_Processor/Pipelined_Processor.sim/sim_1/behav/xsim'
INFO: [USF-XSim-98] *** Running xsim
   with args "tb_riscv_behav -key {Behavioral:sim_1:Functional:tb_riscv} -tclbatch {tb_riscv.tcl} -view {E:/Projects/FPGA/Pipelined_Processor/Pipelined_Processor.sim/tb_riscv_behav.wcfg} -log {simulate.log}"
INFO: [USF-XSim-8] Loading simulator feature
Time resolution is 1 ps
open_wave_config E:/Projects/FPGA/Pipelined_Processor/Pipelined_Processor.sim/tb_riscv_behav.wcfg
source tb_riscv.tcl
## set curr_wave [current_wave_config]
## if { [string length $curr_wave] == 0 } {
##   if { [llength [get_objects]] > 0} {
##     add_wave /
##     set_property needs_save false [current_wave_config]
##   } else {
##      send_msg_id Add_Wave-1 WARNING "No top level signals found. Simulator will start without a wave window. If you want to open a wave window go to 'File->New Waveform Configuration' or type 'create_wave_config' in the TCL console."
##   }
## }
## run 20us
 Block Memory Generator module loading initial data...
 Block Memory Generator data initialization complete.
Block Memory Generator module tb_riscv.dut.mem.inst.native_mem_mapped_module.blk_mem_gen_v8_4_12_inst is using a behavioral model for simulation which will not precisely model memory collision behavior.
--- Verilog: Test Passed (Write 1 to tohost) ---
$stop called at time : 5715332 ps : File "E:/Projects/RISC-V_CPU/Pipelined_Processor/tb/tb_riscv.v" Line 98
INFO: [USF-XSim-96] XSim completed. Design snapshot 'tb_riscv_behav' loaded.
INFO: [USF-XSim-97] XSim simulation ran for 20us
launch_simulation: Time (s): cpu = 00:00:01 ; elapsed = 00:00:16 . Memory (MB): peak = 561.633 ; gain = 28.695
# set timeout_time "200us"
# set hex_dir  "E:/Projects/RISC-V_CPU/Pipelined_Processor/rv32ui-p-tests/hex"
# set dest_hex "E:/Projects/RISC-V_CPU/Pipelined_Processor/tcl/current_test.hex"
# set hex_files [glob -nocomplain -directory $hex_dir *.hex]
# set pass_count 0
# set fail_count 0
# set failed_tests {}
# puts "\n========================================"

========================================
# puts "Starting RISC-V Regression Test"
Starting RISC-V Regression Test
# puts "Found [llength $hex_files] test cases."
Found 42 test cases.
# puts "========================================\n"
========================================

# foreach hex_file $hex_files {
#     set test_name [file tail $hex_file]
# 
#     # 如需忽略名为 current_test.hex 的文件（保险起��）
#     if {$test_name == "current_test.hex"} { continue }
# 
#     puts "Running Test: $test_name ..."
# 
#     # 5. 将当前的 hex 文件复制�? Testbench 读取的通用文件�?
#     # file copy -force 会�?�盖旧文�?
#     file copy -force $hex_file $dest_hex
# 
#     # 6. 重置仿真
# 
#     close_sim -force
#     launch_simulation
# 
#     # 7. 运�?�仿�?
#     # 使用 run 命令。�?�果 Verilog �?触发�? $stop，run 会提前结束�?
#     # 如果 Verilog 死循�?，run 会在 timeout_time 后强制结束�?
#     run $timeout_time
# 
#     # 8. 检查结�?
#     set status_val [get_value -radix unsigned /tb_riscv/test_status]
# 
#     # 判断逻辑 (1 �? Pass, 2 �? Fail, 0 �?超时)
#     if {$status_val == 1} {
#         puts "  -> PASS"
#         incr pass_count
#     } else {
#         if {$status_val == 2} {
#             # 获取一下错�?数据方便调试
#             set data_val [get_value -radix unsigned /tb_riscv/tohost_data]
#             puts "  -> FAIL (Verilog detected error value: $data_val)"
#         } else {
#             puts "  -> FAIL (Timeout - test_status is still 0)"
#         }
#         incr fail_count
#         lappend failed_tests $test_name
#     }
# }
Running Test: rv32ui-p-add.hex ...
INFO: [Simtcl 6-16] Simulation closed
Command: launch_simulation 
INFO: [Vivado 12-25911] Executing simulation for 'XSim' simulator
INFO: [Vivado 12-28535] Process started - Mon Jan  5 14:58:36 2026

INFO: [Vivado 12-12493] Simulation top is 'tb_riscv'
INFO: [Vivado 12-5698] Checking validity of IPs in the design for the 'XSim' simulator...
INFO: [Vivado 12-5682] Launching behavioral simulation in 'E:/Projects/FPGA/Pipelined_Processor/Pipelined_Processor.sim/sim_1/behav/xsim'
INFO: [Vivado 12-13660] Precompiled IP simulation library mode is enabled (default). The design IP libraries will be referenced from the compiled library path. Please note that if the precompiled version of the library is not found from the path or the IP is in locked state, then the library source files for these IPs will be compiled locally as part of the compile order.
INFO: [Vivado 12-4795] Using compiled simulation libraries for IPs
INFO: [SIM-utils-51] Simulation object is 'sim_1'
INFO: [SIM-utils-72] Using boost library from 'D:/AMDDesignTools/2025.2/Vivado/tps/boost_1_72_0'
INFO: [USF-XSim-7] Finding pre-compiled libraries...
INFO: [USF-XSim-11] File 'D:/AMDDesignTools/2025.2/Vivado/data/xsim/xsim.ini' copied to run dir:'E:/Projects/FPGA/Pipelined_Processor/Pipelined_Processor.sim/sim_1/behav/xsim'
INFO: [SIM-utils-54] Inspecting design source files for 'tb_riscv' in fileset 'sim_1'...
INFO: [SIM-utils-43] Exported 'E:/Projects/FPGA/Pipelined_Processor/Pipelined_Processor.sim/sim_1/behav/xsim/RAM.mif'
INFO: [SIM-utils-43] Exported 'E:/Projects/FPGA/Pipelined_Processor/Pipelined_Processor.sim/sim_1/behav/xsim/main.coe'
INFO: [SIM-utils-43] Exported 'E:/Projects/FPGA/Pipelined_Processor/Pipelined_Processor.sim/sim_1/behav/xsim/current_test.hex'
INFO: [USF-XSim-97] Finding global include files...
INFO: [USF-XSim-100] Fetching design files from 'sources_1'...(this may take a while)...
INFO: [USF-XSim-101] Fetching design files from 'sim_1'...
INFO: [USF-XSim-2] XSim::Compile design
INFO: [USF-XSim-61] Executing 'COMPILE and ANALYZE' step in 'E:/Projects/FPGA/Pipelined_Processor/Pipelined_Processor.sim/sim_1/behav/xsim'
"xvlog --incr --relax -prj tb_riscv_vlog.prj"
INFO: [VRFC 10-2263] Analyzing Verilog file "E:/Projects/FPGA/Pipelined_Processor/Pipelined_Processor.gen/sources_1/ip/clk_wiz_0/clk_wiz_0_clk_wiz.v" into library xil_defaultlib
INFO: [VRFC 10-311] analyzing module clk_wiz_0_clk_wiz
INFO: [VRFC 10-2263] Analyzing Verilog file "E:/Projects/FPGA/Pipelined_Processor/Pipelined_Processor.gen/sources_1/ip/clk_wiz_0/clk_wiz_0.v" into library xil_defaultlib
INFO: [VRFC 10-311] analyzing module clk_wiz_0
INFO: [VRFC 10-2263] Analyzing Verilog file "E:/Projects/FPGA/Pipelined_Processor/Pipelined_Processor.ip_user_files/ip/RAM/sim/RAM.v" into library xil_defaultlib
INFO: [VRFC 10-311] analyzing module RAM
INFO: [VRFC 10-2263] Analyzing Verilog file "E:/Projects/RISC-V_CPU/Pipelined_Processor/rtl/alu.v" into library xil_defaultlib
INFO: [VRFC 10-311] analyzing module alu
INFO: [VRFC 10-2263] Analyzing Verilog file "E:/Projects/RISC-V_CPU/Pipelined_Processor/rtl/controller.v" into library xil_defaultlib
INFO: [VRFC 10-311] analyzing module controller
INFO: [VRFC 10-2263] Analyzing Verilog file "E:/Projects/RISC-V_CPU/Pipelined_Processor/rtl/csr_file.v" into library xil_defaultlib
INFO: [VRFC 10-311] analyzing module csr_file
INFO: [VRFC 10-2263] Analyzing Verilog file "E:/Projects/RISC-V_CPU/Pipelined_Processor/rtl/datapath.v" into library xil_defaultlib
INFO: [VRFC 10-311] analyzing module datapath
INFO: [VRFC 10-2263] Analyzing Verilog file "E:/Projects/RISC-V_CPU/Pipelined_Processor/rtl/extend_unit.v" into library xil_defaultlib
INFO: [VRFC 10-311] analyzing module extend_unit
INFO: [VRFC 10-2263] Analyzing Verilog file "E:/Projects/RISC-V_CPU/Pipelined_Processor/rtl/hazard_unit.v" into library xil_defaultlib
INFO: [VRFC 10-311] analyzing module hazard_unit
INFO: [VRFC 10-2263] Analyzing Verilog file "E:/Projects/RISC-V_CPU/Pipelined_Processor/rtl/processor_core.v" into library xil_defaultlib
INFO: [VRFC 10-311] analyzing module processor_core
INFO: [VRFC 10-2263] Analyzing Verilog file "E:/Projects/RISC-V_CPU/Pipelined_Processor/rtl/reg_file.v" into library xil_defaultlib
INFO: [VRFC 10-311] analyzing module reg_file
INFO: [VRFC 10-2263] Analyzing Verilog file "E:/Projects/RISC-V_CPU/Pipelined_Processor/rtl/top.v" into library xil_defaultlib
INFO: [VRFC 10-311] analyzing module top
INFO: [VRFC 10-2263] Analyzing Verilog file "E:/Projects/RISC-V_CPU/Pipelined_Processor/rtl/axi_bridge.v" into library xil_defaultlib
INFO: [VRFC 10-311] analyzing module axi_bridge
INFO: [VRFC 10-2263] Analyzing Verilog file "E:/Projects/RISC-V_CPU/Pipelined_Processor/tb/tb_riscv.v" into library xil_defaultlib
INFO: [VRFC 10-311] analyzing module tb_riscv
"xvhdl --incr --relax -prj tb_riscv_vhdl.prj"
INFO: [USF-XSim-69] 'compile' step finished in '2' seconds
INFO: [USF-XSim-3] XSim::Elaborate design
INFO: [USF-XSim-61] Executing 'ELABORATE' step in 'E:/Projects/FPGA/Pipelined_Processor/Pipelined_Processor.sim/sim_1/behav/xsim'
"xelab --incr --debug typical --relax --mt 2 -L xil_defaultlib -L blk_mem_gen_v8_4_12 -L axi_lite_ipif_v3_0_4 -L axi_uartlite_v2_0_39 -L unisims_ver -L unimacro_ver -L secureip -L xpm --snapshot tb_riscv_behav xil_defaultlib.tb_riscv xil_defaultlib.glbl -log elaborate.log"
Vivado Simulator v2025.2
Copyright 1986-2022 Xilinx, Inc. All Rights Reserved.
Copyright 2022-2025 Advanced Micro Devices, Inc. All Rights Reserved.
Running: D:/AMDDesignTools/2025.2/Vivado/bin/unwrapped/win64.o/xelab.exe --incr --debug typical --relax --mt 2 -L xil_defaultlib -L blk_mem_gen_v8_4_12 -L axi_lite_ipif_v3_0_4 -L axi_uartlite_v2_0_39 -L unisims_ver -L unimacro_ver -L secureip -L xpm --snapshot tb_riscv_behav xil_defaultlib.tb_riscv xil_defaultlib.glbl -log elaborate.log 
Using 2 slave threads.
Starting static elaboration
Pass Through NonSizing Optimizer
Completed static elaboration
Starting simulation data flow analysis
Completed simulation data flow analysis
Time Resolution for simulation is 1ps
Compiling package std.standard
Compiling package std.textio
Compiling package ieee.std_logic_1164
Compiling package ieee.numeric_std
Compiling package ieee.std_logic_arith
Compiling package ieee.std_logic_unsigned
Compiling package axi_lite_ipif_v3_0_4.ipif_pkg
Compiling package xpm.vcomponents
Compiling package synopsys.attributes
Compiling package ieee.std_logic_misc
Compiling module xil_defaultlib.controller
Compiling module xil_defaultlib.reg_file
Compiling module xil_defaultlib.extend_unit
Compiling module xil_defaultlib.alu
Compiling module xil_defaultlib.csr_file
Compiling module xil_defaultlib.datapath
Compiling module xil_defaultlib.hazard_unit
Compiling module xil_defaultlib.processor_core
Compiling module unisims_ver.IBUF
Compiling module unisims_ver.MMCME2_ADV(CLKFBOUT_MULT_F=18.0,...
Compiling module unisims_ver.BUFG
Compiling module xil_defaultlib.clk_wiz_0_clk_wiz
Compiling module xil_defaultlib.clk_wiz_0
Compiling module blk_mem_gen_v8_4_12.blk_mem_gen_v8_4_12_output_stage...
Compiling module blk_mem_gen_v8_4_12.blk_mem_gen_v8_4_12_softecc_outp...
Compiling module blk_mem_gen_v8_4_12.blk_mem_gen_v8_4_12_mem_module(C...
Compiling module blk_mem_gen_v8_4_12.blk_mem_gen_v8_4_12(C_FAMILY="zy...
Compiling module xil_defaultlib.RAM
Compiling module xil_defaultlib.axi_bridge
Compiling architecture rtl of entity axi_uartlite_v2_0_39.baudrate [\baudrate(c_ratio=469)\]
Compiling module xpm.xpm_cdc_single(DEST_SYNC_FF=4,IN...
Compiling architecture imp of entity axi_uartlite_v2_0_39.srl_fifo [\srl_fifo(c_dwidth=8,c_depth=16)...]
Compiling architecture rtl of entity axi_uartlite_v2_0_39.uartlite_rx [\uartlite_rx(c_family="zynq")(1,...]
Compiling architecture rtl of entity axi_uartlite_v2_0_39.uartlite_tx [\uartlite_tx(c_family="zynq")(1,...]
Compiling architecture rtl of entity axi_uartlite_v2_0_39.uartlite_core [\uartlite_core(c_family="zynq",c...]
Compiling architecture imp of entity axi_lite_ipif_v3_0_4.pselect_f [\pselect_f(c_ab=2,c_aw=2,c_bar="...]
Compiling architecture imp of entity axi_lite_ipif_v3_0_4.pselect_f [\pselect_f(c_ab=2,c_aw=2,c_bar="...]
Compiling architecture imp of entity axi_lite_ipif_v3_0_4.pselect_f [\pselect_f(c_ab=2,c_aw=2,c_bar="...]
Compiling architecture imp of entity axi_lite_ipif_v3_0_4.pselect_f [\pselect_f(c_ab=2,c_aw=2,c_bar="...]
Compiling architecture imp of entity axi_lite_ipif_v3_0_4.address_decoder [\address_decoder(c_bus_awidth=4,...]
Compiling architecture imp of entity axi_lite_ipif_v3_0_4.slave_attachment [\slave_attachment(c_ard_addr_ran...]
Compiling architecture imp of entity axi_lite_ipif_v3_0_4.axi_lite_ipif [\axi_lite_ipif(c_s_axi_addr_widt...]
Compiling architecture rtl of entity axi_uartlite_v2_0_39.axi_uartlite [\axi_uartlite(c_family="zynq",c_...]
Compiling architecture axi_uartlite_0_arch of entity xil_defaultlib.axi_uartlite_0 [axi_uartlite_0_default]
Compiling module xil_defaultlib.top
Compiling module xil_defaultlib.tb_riscv
Compiling module xil_defaultlib.glbl
Built simulation snapshot tb_riscv_behav
run_program: Time (s): cpu = 00:00:00 ; elapsed = 00:00:07 . Memory (MB): peak = 561.633 ; gain = 0.000
INFO: [USF-XSim-69] 'elaborate' step finished in '7' seconds
INFO: [USF-XSim-4] XSim::Simulate design
INFO: [USF-XSim-61] Executing 'SIMULATE' step in 'E:/Projects/FPGA/Pipelined_Processor/Pipelined_Processor.sim/sim_1/behav/xsim'
INFO: [USF-XSim-98] *** Running xsim
   with args "tb_riscv_behav -key {Behavioral:sim_1:Functional:tb_riscv} -tclbatch {tb_riscv.tcl} -view {E:/Projects/FPGA/Pipelined_Processor/Pipelined_Processor.sim/tb_riscv_behav.wcfg} -log {simulate.log}"
INFO: [USF-XSim-8] Loading simulator feature
Time resolution is 1 ps
open_wave_config E:/Projects/FPGA/Pipelined_Processor/Pipelined_Processor.sim/tb_riscv_behav.wcfg
source tb_riscv.tcl
## set curr_wave [current_wave_config]
## if { [string length $curr_wave] == 0 } {
##   if { [llength [get_objects]] > 0} {
##     add_wave /
##     set_property needs_save false [current_wave_config]
##   } else {
##      send_msg_id Add_Wave-1 WARNING "No top level signals found. Simulator will start without a wave window. If you want to open a wave window go to 'File->New Waveform Configuration' or type 'create_wave_config' in the TCL console."
##   }
## }
## run 20us
 Block Memory Generator module loading initial data...
 Block Memory Generator data initialization complete.
Block Memory Generator module tb_riscv.dut.mem.inst.native_mem_mapped_module.blk_mem_gen_v8_4_12_inst is using a behavioral model for simulation which will not precisely model memory collision behavior.
--- Verilog: Test Passed (Write 1 to tohost) ---
$stop called at time : 9673665 ps : File "E:/Projects/RISC-V_CPU/Pipelined_Processor/tb/tb_riscv.v" Line 98
INFO: [USF-XSim-96] XSim completed. Design snapshot 'tb_riscv_behav' loaded.
INFO: [USF-XSim-97] XSim simulation ran for 20us
launch_simulation: Time (s): cpu = 00:00:01 ; elapsed = 00:00:12 . Memory (MB): peak = 561.633 ; gain = 0.000
--- Verilog: Test Passed (Write 1 to tohost) ---
$stop called at time : 9784777 ps : File "E:/Projects/RISC-V_CPU/Pipelined_Processor/tb/tb_riscv.v" Line 98
  -> PASS
Running Test: rv32ui-p-addi.hex ...
INFO: [Simtcl 6-16] Simulation closed
Command: launch_simulation 
INFO: [Vivado 12-25911] Executing simulation for 'XSim' simulator
INFO: [Vivado 12-28535] Process started - Mon Jan  5 14:58:48 2026

INFO: [Vivado 12-12493] Simulation top is 'tb_riscv'
INFO: [Vivado 12-5698] Checking validity of IPs in the design for the 'XSim' simulator...
INFO: [Vivado 12-5682] Launching behavioral simulation in 'E:/Projects/FPGA/Pipelined_Processor/Pipelined_Processor.sim/sim_1/behav/xsim'
INFO: [Vivado 12-13660] Precompiled IP simulation library mode is enabled (default). The design IP libraries will be referenced from the compiled library path. Please note that if the precompiled version of the library is not found from the path or the IP is in locked state, then the library source files for these IPs will be compiled locally as part of the compile order.
INFO: [Vivado 12-4795] Using compiled simulation libraries for IPs
INFO: [SIM-utils-51] Simulation object is 'sim_1'
INFO: [SIM-utils-72] Using boost library from 'D:/AMDDesignTools/2025.2/Vivado/tps/boost_1_72_0'
INFO: [USF-XSim-7] Finding pre-compiled libraries...
INFO: [USF-XSim-11] File 'D:/AMDDesignTools/2025.2/Vivado/data/xsim/xsim.ini' copied to run dir:'E:/Projects/FPGA/Pipelined_Processor/Pipelined_Processor.sim/sim_1/behav/xsim'
INFO: [SIM-utils-54] Inspecting design source files for 'tb_riscv' in fileset 'sim_1'...
INFO: [SIM-utils-43] Exported 'E:/Projects/FPGA/Pipelined_Processor/Pipelined_Processor.sim/sim_1/behav/xsim/RAM.mif'
INFO: [SIM-utils-43] Exported 'E:/Projects/FPGA/Pipelined_Processor/Pipelined_Processor.sim/sim_1/behav/xsim/main.coe'
INFO: [SIM-utils-43] Exported 'E:/Projects/FPGA/Pipelined_Processor/Pipelined_Processor.sim/sim_1/behav/xsim/current_test.hex'
INFO: [USF-XSim-97] Finding global include files...
INFO: [USF-XSim-100] Fetching design files from 'sources_1'...(this may take a while)...
INFO: [USF-XSim-101] Fetching design files from 'sim_1'...
INFO: [USF-XSim-2] XSim::Compile design
INFO: [USF-XSim-61] Executing 'COMPILE and ANALYZE' step in 'E:/Projects/FPGA/Pipelined_Processor/Pipelined_Processor.sim/sim_1/behav/xsim'
"xvlog --incr --relax -prj tb_riscv_vlog.prj"
INFO: [VRFC 10-2263] Analyzing Verilog file "E:/Projects/FPGA/Pipelined_Processor/Pipelined_Processor.gen/sources_1/ip/clk_wiz_0/clk_wiz_0_clk_wiz.v" into library xil_defaultlib
INFO: [VRFC 10-311] analyzing module clk_wiz_0_clk_wiz
INFO: [VRFC 10-2263] Analyzing Verilog file "E:/Projects/FPGA/Pipelined_Processor/Pipelined_Processor.gen/sources_1/ip/clk_wiz_0/clk_wiz_0.v" into library xil_defaultlib
INFO: [VRFC 10-311] analyzing module clk_wiz_0
INFO: [VRFC 10-2263] Analyzing Verilog file "E:/Projects/FPGA/Pipelined_Processor/Pipelined_Processor.ip_user_files/ip/RAM/sim/RAM.v" into library xil_defaultlib
INFO: [VRFC 10-311] analyzing module RAM
INFO: [VRFC 10-2263] Analyzing Verilog file "E:/Projects/RISC-V_CPU/Pipelined_Processor/rtl/alu.v" into library xil_defaultlib
INFO: [VRFC 10-311] analyzing module alu
INFO: [VRFC 10-2263] Analyzing Verilog file "E:/Projects/RISC-V_CPU/Pipelined_Processor/rtl/controller.v" into library xil_defaultlib
INFO: [VRFC 10-311] analyzing module controller
INFO: [VRFC 10-2263] Analyzing Verilog file "E:/Projects/RISC-V_CPU/Pipelined_Processor/rtl/csr_file.v" into library xil_defaultlib
INFO: [VRFC 10-311] analyzing module csr_file
INFO: [VRFC 10-2263] Analyzing Verilog file "E:/Projects/RISC-V_CPU/Pipelined_Processor/rtl/datapath.v" into library xil_defaultlib
INFO: [VRFC 10-311] analyzing module datapath
INFO: [VRFC 10-2263] Analyzing Verilog file "E:/Projects/RISC-V_CPU/Pipelined_Processor/rtl/extend_unit.v" into library xil_defaultlib
INFO: [VRFC 10-311] analyzing module extend_unit
INFO: [VRFC 10-2263] Analyzing Verilog file "E:/Projects/RISC-V_CPU/Pipelined_Processor/rtl/hazard_unit.v" into library xil_defaultlib
INFO: [VRFC 10-311] analyzing module hazard_unit
INFO: [VRFC 10-2263] Analyzing Verilog file "E:/Projects/RISC-V_CPU/Pipelined_Processor/rtl/processor_core.v" into library xil_defaultlib
INFO: [VRFC 10-311] analyzing module processor_core
INFO: [VRFC 10-2263] Analyzing Verilog file "E:/Projects/RISC-V_CPU/Pipelined_Processor/rtl/reg_file.v" into library xil_defaultlib
INFO: [VRFC 10-311] analyzing module reg_file
INFO: [VRFC 10-2263] Analyzing Verilog file "E:/Projects/RISC-V_CPU/Pipelined_Processor/rtl/top.v" into library xil_defaultlib
INFO: [VRFC 10-311] analyzing module top
INFO: [VRFC 10-2263] Analyzing Verilog file "E:/Projects/RISC-V_CPU/Pipelined_Processor/rtl/axi_bridge.v" into library xil_defaultlib
INFO: [VRFC 10-311] analyzing module axi_bridge
INFO: [VRFC 10-2263] Analyzing Verilog file "E:/Projects/RISC-V_CPU/Pipelined_Processor/tb/tb_riscv.v" into library xil_defaultlib
INFO: [VRFC 10-311] analyzing module tb_riscv
"xvhdl --incr --relax -prj tb_riscv_vhdl.prj"
INFO: [USF-XSim-69] 'compile' step finished in '3' seconds
INFO: [USF-XSim-3] XSim::Elaborate design
INFO: [USF-XSim-61] Executing 'ELABORATE' step in 'E:/Projects/FPGA/Pipelined_Processor/Pipelined_Processor.sim/sim_1/behav/xsim'
"xelab --incr --debug typical --relax --mt 2 -L xil_defaultlib -L blk_mem_gen_v8_4_12 -L axi_lite_ipif_v3_0_4 -L axi_uartlite_v2_0_39 -L unisims_ver -L unimacro_ver -L secureip -L xpm --snapshot tb_riscv_behav xil_defaultlib.tb_riscv xil_defaultlib.glbl -log elaborate.log"
Vivado Simulator v2025.2
Copyright 1986-2022 Xilinx, Inc. All Rights Reserved.
Copyright 2022-2025 Advanced Micro Devices, Inc. All Rights Reserved.
Running: D:/AMDDesignTools/2025.2/Vivado/bin/unwrapped/win64.o/xelab.exe --incr --debug typical --relax --mt 2 -L xil_defaultlib -L blk_mem_gen_v8_4_12 -L axi_lite_ipif_v3_0_4 -L axi_uartlite_v2_0_39 -L unisims_ver -L unimacro_ver -L secureip -L xpm --snapshot tb_riscv_behav xil_defaultlib.tb_riscv xil_defaultlib.glbl -log elaborate.log 
Using 2 slave threads.
Starting static elaboration
Pass Through NonSizing Optimizer
Completed static elaboration
Starting simulation data flow analysis
Completed simulation data flow analysis
Time Resolution for simulation is 1ps
Compiling package std.standard
Compiling package std.textio
Compiling package ieee.std_logic_1164
Compiling package ieee.numeric_std
Compiling package ieee.std_logic_arith
Compiling package ieee.std_logic_unsigned
Compiling package axi_lite_ipif_v3_0_4.ipif_pkg
Compiling package xpm.vcomponents
Compiling package synopsys.attributes
Compiling package ieee.std_logic_misc
Compiling module xil_defaultlib.controller
Compiling module xil_defaultlib.reg_file
Compiling module xil_defaultlib.extend_unit
Compiling module xil_defaultlib.alu
Compiling module xil_defaultlib.csr_file
Compiling module xil_defaultlib.datapath
Compiling module xil_defaultlib.hazard_unit
Compiling module xil_defaultlib.processor_core
Compiling module unisims_ver.IBUF
Compiling module unisims_ver.MMCME2_ADV(CLKFBOUT_MULT_F=18.0,...
Compiling module unisims_ver.BUFG
Compiling module xil_defaultlib.clk_wiz_0_clk_wiz
Compiling module xil_defaultlib.clk_wiz_0
Compiling module blk_mem_gen_v8_4_12.blk_mem_gen_v8_4_12_output_stage...
Compiling module blk_mem_gen_v8_4_12.blk_mem_gen_v8_4_12_softecc_outp...
Compiling module blk_mem_gen_v8_4_12.blk_mem_gen_v8_4_12_mem_module(C...
Compiling module blk_mem_gen_v8_4_12.blk_mem_gen_v8_4_12(C_FAMILY="zy...
Compiling module xil_defaultlib.RAM
Compiling module xil_defaultlib.axi_bridge
Compiling architecture rtl of entity axi_uartlite_v2_0_39.baudrate [\baudrate(c_ratio=469)\]
Compiling module xpm.xpm_cdc_single(DEST_SYNC_FF=4,IN...
Compiling architecture imp of entity axi_uartlite_v2_0_39.srl_fifo [\srl_fifo(c_dwidth=8,c_depth=16)...]
Compiling architecture rtl of entity axi_uartlite_v2_0_39.uartlite_rx [\uartlite_rx(c_family="zynq")(1,...]
Compiling architecture rtl of entity axi_uartlite_v2_0_39.uartlite_tx [\uartlite_tx(c_family="zynq")(1,...]
Compiling architecture rtl of entity axi_uartlite_v2_0_39.uartlite_core [\uartlite_core(c_family="zynq",c...]
Compiling architecture imp of entity axi_lite_ipif_v3_0_4.pselect_f [\pselect_f(c_ab=2,c_aw=2,c_bar="...]
Compiling architecture imp of entity axi_lite_ipif_v3_0_4.pselect_f [\pselect_f(c_ab=2,c_aw=2,c_bar="...]
Compiling architecture imp of entity axi_lite_ipif_v3_0_4.pselect_f [\pselect_f(c_ab=2,c_aw=2,c_bar="...]
Compiling architecture imp of entity axi_lite_ipif_v3_0_4.pselect_f [\pselect_f(c_ab=2,c_aw=2,c_bar="...]
Compiling architecture imp of entity axi_lite_ipif_v3_0_4.address_decoder [\address_decoder(c_bus_awidth=4,...]
Compiling architecture imp of entity axi_lite_ipif_v3_0_4.slave_attachment [\slave_attachment(c_ard_addr_ran...]
Compiling architecture imp of entity axi_lite_ipif_v3_0_4.axi_lite_ipif [\axi_lite_ipif(c_s_axi_addr_widt...]
Compiling architecture rtl of entity axi_uartlite_v2_0_39.axi_uartlite [\axi_uartlite(c_family="zynq",c_...]
Compiling architecture axi_uartlite_0_arch of entity xil_defaultlib.axi_uartlite_0 [axi_uartlite_0_default]
Compiling module xil_defaultlib.top
Compiling module xil_defaultlib.tb_riscv
Compiling module xil_defaultlib.glbl
Built simulation snapshot tb_riscv_behav
run_program: Time (s): cpu = 00:00:00 ; elapsed = 00:00:07 . Memory (MB): peak = 561.633 ; gain = 0.000
INFO: [USF-XSim-69] 'elaborate' step finished in '6' seconds
INFO: [USF-XSim-4] XSim::Simulate design
INFO: [USF-XSim-61] Executing 'SIMULATE' step in 'E:/Projects/FPGA/Pipelined_Processor/Pipelined_Processor.sim/sim_1/behav/xsim'
INFO: [USF-XSim-98] *** Running xsim
   with args "tb_riscv_behav -key {Behavioral:sim_1:Functional:tb_riscv} -tclbatch {tb_riscv.tcl} -view {E:/Projects/FPGA/Pipelined_Processor/Pipelined_Processor.sim/tb_riscv_behav.wcfg} -log {simulate.log}"
INFO: [USF-XSim-8] Loading simulator feature
Time resolution is 1 ps
open_wave_config E:/Projects/FPGA/Pipelined_Processor/Pipelined_Processor.sim/tb_riscv_behav.wcfg
source tb_riscv.tcl
## set curr_wave [current_wave_config]
## if { [string length $curr_wave] == 0 } {
##   if { [llength [get_objects]] > 0} {
##     add_wave /
##     set_property needs_save false [current_wave_config]
##   } else {
##      send_msg_id Add_Wave-1 WARNING "No top level signals found. Simulator will start without a wave window. If you want to open a wave window go to 'File->New Waveform Configuration' or type 'create_wave_config' in the TCL console."
##   }
## }
## run 20us
 Block Memory Generator module loading initial data...
 Block Memory Generator data initialization complete.
Block Memory Generator module tb_riscv.dut.mem.inst.native_mem_mapped_module.blk_mem_gen_v8_4_12_inst is using a behavioral model for simulation which will not precisely model memory collision behavior.
--- Verilog: Test Passed (Write 1 to tohost) ---
$stop called at time : 6201444 ps : File "E:/Projects/RISC-V_CPU/Pipelined_Processor/tb/tb_riscv.v" Line 98
INFO: [USF-XSim-96] XSim completed. Design snapshot 'tb_riscv_behav' loaded.
INFO: [USF-XSim-97] XSim simulation ran for 20us
launch_simulation: Time (s): cpu = 00:00:00 ; elapsed = 00:00:11 . Memory (MB): peak = 561.633 ; gain = 0.000
--- Verilog: Test Passed (Write 1 to tohost) ---
$stop called at time : 6312555 ps : File "E:/Projects/RISC-V_CPU/Pipelined_Processor/tb/tb_riscv.v" Line 98
  -> PASS
Running Test: rv32ui-p-and.hex ...
INFO: [Simtcl 6-16] Simulation closed
Command: launch_simulation 
INFO: [Vivado 12-25911] Executing simulation for 'XSim' simulator
INFO: [Vivado 12-28535] Process started - Mon Jan  5 14:59:00 2026

INFO: [Vivado 12-12493] Simulation top is 'tb_riscv'
INFO: [Vivado 12-5698] Checking validity of IPs in the design for the 'XSim' simulator...
INFO: [Vivado 12-5682] Launching behavioral simulation in 'E:/Projects/FPGA/Pipelined_Processor/Pipelined_Processor.sim/sim_1/behav/xsim'
INFO: [Vivado 12-13660] Precompiled IP simulation library mode is enabled (default). The design IP libraries will be referenced from the compiled library path. Please note that if the precompiled version of the library is not found from the path or the IP is in locked state, then the library source files for these IPs will be compiled locally as part of the compile order.
INFO: [Vivado 12-4795] Using compiled simulation libraries for IPs
INFO: [SIM-utils-51] Simulation object is 'sim_1'
INFO: [SIM-utils-72] Using boost library from 'D:/AMDDesignTools/2025.2/Vivado/tps/boost_1_72_0'
INFO: [USF-XSim-7] Finding pre-compiled libraries...
INFO: [USF-XSim-11] File 'D:/AMDDesignTools/2025.2/Vivado/data/xsim/xsim.ini' copied to run dir:'E:/Projects/FPGA/Pipelined_Processor/Pipelined_Processor.sim/sim_1/behav/xsim'
INFO: [SIM-utils-54] Inspecting design source files for 'tb_riscv' in fileset 'sim_1'...
INFO: [SIM-utils-43] Exported 'E:/Projects/FPGA/Pipelined_Processor/Pipelined_Processor.sim/sim_1/behav/xsim/RAM.mif'
INFO: [SIM-utils-43] Exported 'E:/Projects/FPGA/Pipelined_Processor/Pipelined_Processor.sim/sim_1/behav/xsim/main.coe'
INFO: [SIM-utils-43] Exported 'E:/Projects/FPGA/Pipelined_Processor/Pipelined_Processor.sim/sim_1/behav/xsim/current_test.hex'
INFO: [USF-XSim-97] Finding global include files...
INFO: [USF-XSim-100] Fetching design files from 'sources_1'...(this may take a while)...
INFO: [USF-XSim-101] Fetching design files from 'sim_1'...
INFO: [USF-XSim-2] XSim::Compile design
INFO: [USF-XSim-61] Executing 'COMPILE and ANALYZE' step in 'E:/Projects/FPGA/Pipelined_Processor/Pipelined_Processor.sim/sim_1/behav/xsim'
"xvlog --incr --relax -prj tb_riscv_vlog.prj"
INFO: [VRFC 10-2263] Analyzing Verilog file "E:/Projects/FPGA/Pipelined_Processor/Pipelined_Processor.gen/sources_1/ip/clk_wiz_0/clk_wiz_0_clk_wiz.v" into library xil_defaultlib
INFO: [VRFC 10-311] analyzing module clk_wiz_0_clk_wiz
INFO: [VRFC 10-2263] Analyzing Verilog file "E:/Projects/FPGA/Pipelined_Processor/Pipelined_Processor.gen/sources_1/ip/clk_wiz_0/clk_wiz_0.v" into library xil_defaultlib
INFO: [VRFC 10-311] analyzing module clk_wiz_0
INFO: [VRFC 10-2263] Analyzing Verilog file "E:/Projects/FPGA/Pipelined_Processor/Pipelined_Processor.ip_user_files/ip/RAM/sim/RAM.v" into library xil_defaultlib
INFO: [VRFC 10-311] analyzing module RAM
INFO: [VRFC 10-2263] Analyzing Verilog file "E:/Projects/RISC-V_CPU/Pipelined_Processor/rtl/alu.v" into library xil_defaultlib
INFO: [VRFC 10-311] analyzing module alu
INFO: [VRFC 10-2263] Analyzing Verilog file "E:/Projects/RISC-V_CPU/Pipelined_Processor/rtl/controller.v" into library xil_defaultlib
INFO: [VRFC 10-311] analyzing module controller
INFO: [VRFC 10-2263] Analyzing Verilog file "E:/Projects/RISC-V_CPU/Pipelined_Processor/rtl/csr_file.v" into library xil_defaultlib
INFO: [VRFC 10-311] analyzing module csr_file
INFO: [VRFC 10-2263] Analyzing Verilog file "E:/Projects/RISC-V_CPU/Pipelined_Processor/rtl/datapath.v" into library xil_defaultlib
INFO: [VRFC 10-311] analyzing module datapath
INFO: [VRFC 10-2263] Analyzing Verilog file "E:/Projects/RISC-V_CPU/Pipelined_Processor/rtl/extend_unit.v" into library xil_defaultlib
INFO: [VRFC 10-311] analyzing module extend_unit
INFO: [VRFC 10-2263] Analyzing Verilog file "E:/Projects/RISC-V_CPU/Pipelined_Processor/rtl/hazard_unit.v" into library xil_defaultlib
INFO: [VRFC 10-311] analyzing module hazard_unit
INFO: [VRFC 10-2263] Analyzing Verilog file "E:/Projects/RISC-V_CPU/Pipelined_Processor/rtl/processor_core.v" into library xil_defaultlib
INFO: [VRFC 10-311] analyzing module processor_core
INFO: [VRFC 10-2263] Analyzing Verilog file "E:/Projects/RISC-V_CPU/Pipelined_Processor/rtl/reg_file.v" into library xil_defaultlib
INFO: [VRFC 10-311] analyzing module reg_file
INFO: [VRFC 10-2263] Analyzing Verilog file "E:/Projects/RISC-V_CPU/Pipelined_Processor/rtl/top.v" into library xil_defaultlib
INFO: [VRFC 10-311] analyzing module top
INFO: [VRFC 10-2263] Analyzing Verilog file "E:/Projects/RISC-V_CPU/Pipelined_Processor/rtl/axi_bridge.v" into library xil_defaultlib
INFO: [VRFC 10-311] analyzing module axi_bridge
INFO: [VRFC 10-2263] Analyzing Verilog file "E:/Projects/RISC-V_CPU/Pipelined_Processor/tb/tb_riscv.v" into library xil_defaultlib
INFO: [VRFC 10-311] analyzing module tb_riscv
"xvhdl --incr --relax -prj tb_riscv_vhdl.prj"
INFO: [USF-XSim-69] 'compile' step finished in '3' seconds
INFO: [USF-XSim-3] XSim::Elaborate design
INFO: [USF-XSim-61] Executing 'ELABORATE' step in 'E:/Projects/FPGA/Pipelined_Processor/Pipelined_Processor.sim/sim_1/behav/xsim'
"xelab --incr --debug typical --relax --mt 2 -L xil_defaultlib -L blk_mem_gen_v8_4_12 -L axi_lite_ipif_v3_0_4 -L axi_uartlite_v2_0_39 -L unisims_ver -L unimacro_ver -L secureip -L xpm --snapshot tb_riscv_behav xil_defaultlib.tb_riscv xil_defaultlib.glbl -log elaborate.log"
Vivado Simulator v2025.2
Copyright 1986-2022 Xilinx, Inc. All Rights Reserved.
Copyright 2022-2025 Advanced Micro Devices, Inc. All Rights Reserved.
Running: D:/AMDDesignTools/2025.2/Vivado/bin/unwrapped/win64.o/xelab.exe --incr --debug typical --relax --mt 2 -L xil_defaultlib -L blk_mem_gen_v8_4_12 -L axi_lite_ipif_v3_0_4 -L axi_uartlite_v2_0_39 -L unisims_ver -L unimacro_ver -L secureip -L xpm --snapshot tb_riscv_behav xil_defaultlib.tb_riscv xil_defaultlib.glbl -log elaborate.log 
Using 2 slave threads.
Starting static elaboration
Pass Through NonSizing Optimizer
Completed static elaboration
Starting simulation data flow analysis
Completed simulation data flow analysis
Time Resolution for simulation is 1ps
Compiling package std.standard
Compiling package std.textio
Compiling package ieee.std_logic_1164
Compiling package ieee.numeric_std
Compiling package ieee.std_logic_arith
Compiling package ieee.std_logic_unsigned
Compiling package axi_lite_ipif_v3_0_4.ipif_pkg
Compiling package xpm.vcomponents
Compiling package synopsys.attributes
Compiling package ieee.std_logic_misc
Compiling module xil_defaultlib.controller
Compiling module xil_defaultlib.reg_file
Compiling module xil_defaultlib.extend_unit
Compiling module xil_defaultlib.alu
Compiling module xil_defaultlib.csr_file
Compiling module xil_defaultlib.datapath
Compiling module xil_defaultlib.hazard_unit
Compiling module xil_defaultlib.processor_core
Compiling module unisims_ver.IBUF
Compiling module unisims_ver.MMCME2_ADV(CLKFBOUT_MULT_F=18.0,...
Compiling module unisims_ver.BUFG
Compiling module xil_defaultlib.clk_wiz_0_clk_wiz
Compiling module xil_defaultlib.clk_wiz_0
Compiling module blk_mem_gen_v8_4_12.blk_mem_gen_v8_4_12_output_stage...
Compiling module blk_mem_gen_v8_4_12.blk_mem_gen_v8_4_12_softecc_outp...
Compiling module blk_mem_gen_v8_4_12.blk_mem_gen_v8_4_12_mem_module(C...
Compiling module blk_mem_gen_v8_4_12.blk_mem_gen_v8_4_12(C_FAMILY="zy...
Compiling module xil_defaultlib.RAM
Compiling module xil_defaultlib.axi_bridge
Compiling architecture rtl of entity axi_uartlite_v2_0_39.baudrate [\baudrate(c_ratio=469)\]
Compiling module xpm.xpm_cdc_single(DEST_SYNC_FF=4,IN...
Compiling architecture imp of entity axi_uartlite_v2_0_39.srl_fifo [\srl_fifo(c_dwidth=8,c_depth=16)...]
Compiling architecture rtl of entity axi_uartlite_v2_0_39.uartlite_rx [\uartlite_rx(c_family="zynq")(1,...]
Compiling architecture rtl of entity axi_uartlite_v2_0_39.uartlite_tx [\uartlite_tx(c_family="zynq")(1,...]
Compiling architecture rtl of entity axi_uartlite_v2_0_39.uartlite_core [\uartlite_core(c_family="zynq",c...]
Compiling architecture imp of entity axi_lite_ipif_v3_0_4.pselect_f [\pselect_f(c_ab=2,c_aw=2,c_bar="...]
Compiling architecture imp of entity axi_lite_ipif_v3_0_4.pselect_f [\pselect_f(c_ab=2,c_aw=2,c_bar="...]
Compiling architecture imp of entity axi_lite_ipif_v3_0_4.pselect_f [\pselect_f(c_ab=2,c_aw=2,c_bar="...]
Compiling architecture imp of entity axi_lite_ipif_v3_0_4.pselect_f [\pselect_f(c_ab=2,c_aw=2,c_bar="...]
Compiling architecture imp of entity axi_lite_ipif_v3_0_4.address_decoder [\address_decoder(c_bus_awidth=4,...]
Compiling architecture imp of entity axi_lite_ipif_v3_0_4.slave_attachment [\slave_attachment(c_ard_addr_ran...]
Compiling architecture imp of entity axi_lite_ipif_v3_0_4.axi_lite_ipif [\axi_lite_ipif(c_s_axi_addr_widt...]
Compiling architecture rtl of entity axi_uartlite_v2_0_39.axi_uartlite [\axi_uartlite(c_family="zynq",c_...]
Compiling architecture axi_uartlite_0_arch of entity xil_defaultlib.axi_uartlite_0 [axi_uartlite_0_default]
Compiling module xil_defaultlib.top
Compiling module xil_defaultlib.tb_riscv
Compiling module xil_defaultlib.glbl
Built simulation snapshot tb_riscv_behav
run_program: Time (s): cpu = 00:00:00 ; elapsed = 00:00:07 . Memory (MB): peak = 561.633 ; gain = 0.000
INFO: [USF-XSim-69] 'elaborate' step finished in '7' seconds
INFO: [USF-XSim-4] XSim::Simulate design
INFO: [USF-XSim-61] Executing 'SIMULATE' step in 'E:/Projects/FPGA/Pipelined_Processor/Pipelined_Processor.sim/sim_1/behav/xsim'
INFO: [USF-XSim-98] *** Running xsim
   with args "tb_riscv_behav -key {Behavioral:sim_1:Functional:tb_riscv} -tclbatch {tb_riscv.tcl} -view {E:/Projects/FPGA/Pipelined_Processor/Pipelined_Processor.sim/tb_riscv_behav.wcfg} -log {simulate.log}"
INFO: [USF-XSim-8] Loading simulator feature
Time resolution is 1 ps
open_wave_config E:/Projects/FPGA/Pipelined_Processor/Pipelined_Processor.sim/tb_riscv_behav.wcfg
source tb_riscv.tcl
## set curr_wave [current_wave_config]
## if { [string length $curr_wave] == 0 } {
##   if { [llength [get_objects]] > 0} {
##     add_wave /
##     set_property needs_save false [current_wave_config]
##   } else {
##      send_msg_id Add_Wave-1 WARNING "No top level signals found. Simulator will start without a wave window. If you want to open a wave window go to 'File->New Waveform Configuration' or type 'create_wave_config' in the TCL console."
##   }
## }
## run 20us
 Block Memory Generator module loading initial data...
 Block Memory Generator data initialization complete.
Block Memory Generator module tb_riscv.dut.mem.inst.native_mem_mapped_module.blk_mem_gen_v8_4_12_inst is using a behavioral model for simulation which will not precisely model memory collision behavior.
--- Verilog: Test Passed (Write 1 to tohost) ---
$stop called at time : 9951444 ps : File "E:/Projects/RISC-V_CPU/Pipelined_Processor/tb/tb_riscv.v" Line 98
INFO: [USF-XSim-96] XSim completed. Design snapshot 'tb_riscv_behav' loaded.
INFO: [USF-XSim-97] XSim simulation ran for 20us
launch_simulation: Time (s): cpu = 00:00:01 ; elapsed = 00:00:12 . Memory (MB): peak = 561.633 ; gain = 0.000
--- Verilog: Test Passed (Write 1 to tohost) ---
$stop called at time : 10062555 ps : File "E:/Projects/RISC-V_CPU/Pipelined_Processor/tb/tb_riscv.v" Line 98
  -> PASS
Running Test: rv32ui-p-andi.hex ...
INFO: [Simtcl 6-16] Simulation closed
Command: launch_simulation 
INFO: [Vivado 12-25911] Executing simulation for 'XSim' simulator
INFO: [Vivado 12-28535] Process started - Mon Jan  5 14:59:12 2026

INFO: [Vivado 12-12493] Simulation top is 'tb_riscv'
INFO: [Vivado 12-5698] Checking validity of IPs in the design for the 'XSim' simulator...
INFO: [Vivado 12-5682] Launching behavioral simulation in 'E:/Projects/FPGA/Pipelined_Processor/Pipelined_Processor.sim/sim_1/behav/xsim'
INFO: [Vivado 12-13660] Precompiled IP simulation library mode is enabled (default). The design IP libraries will be referenced from the compiled library path. Please note that if the precompiled version of the library is not found from the path or the IP is in locked state, then the library source files for these IPs will be compiled locally as part of the compile order.
INFO: [Vivado 12-4795] Using compiled simulation libraries for IPs
INFO: [SIM-utils-51] Simulation object is 'sim_1'
INFO: [SIM-utils-72] Using boost library from 'D:/AMDDesignTools/2025.2/Vivado/tps/boost_1_72_0'
INFO: [USF-XSim-7] Finding pre-compiled libraries...
INFO: [USF-XSim-11] File 'D:/AMDDesignTools/2025.2/Vivado/data/xsim/xsim.ini' copied to run dir:'E:/Projects/FPGA/Pipelined_Processor/Pipelined_Processor.sim/sim_1/behav/xsim'
INFO: [SIM-utils-54] Inspecting design source files for 'tb_riscv' in fileset 'sim_1'...
INFO: [SIM-utils-43] Exported 'E:/Projects/FPGA/Pipelined_Processor/Pipelined_Processor.sim/sim_1/behav/xsim/RAM.mif'
INFO: [SIM-utils-43] Exported 'E:/Projects/FPGA/Pipelined_Processor/Pipelined_Processor.sim/sim_1/behav/xsim/main.coe'
INFO: [SIM-utils-43] Exported 'E:/Projects/FPGA/Pipelined_Processor/Pipelined_Processor.sim/sim_1/behav/xsim/current_test.hex'
INFO: [USF-XSim-97] Finding global include files...
INFO: [USF-XSim-100] Fetching design files from 'sources_1'...(this may take a while)...
INFO: [USF-XSim-101] Fetching design files from 'sim_1'...
INFO: [USF-XSim-2] XSim::Compile design
INFO: [USF-XSim-61] Executing 'COMPILE and ANALYZE' step in 'E:/Projects/FPGA/Pipelined_Processor/Pipelined_Processor.sim/sim_1/behav/xsim'
"xvlog --incr --relax -prj tb_riscv_vlog.prj"
"xvhdl --incr --relax -prj tb_riscv_vhdl.prj"
INFO: [USF-XSim-69] 'compile' step finished in '3' seconds
INFO: [USF-XSim-3] XSim::Elaborate design
INFO: [USF-XSim-61] Executing 'ELABORATE' step in 'E:/Projects/FPGA/Pipelined_Processor/Pipelined_Processor.sim/sim_1/behav/xsim'
"xelab --incr --debug typical --relax --mt 2 -L xil_defaultlib -L blk_mem_gen_v8_4_12 -L axi_lite_ipif_v3_0_4 -L axi_uartlite_v2_0_39 -L unisims_ver -L unimacro_ver -L secureip -L xpm --snapshot tb_riscv_behav xil_defaultlib.tb_riscv xil_defaultlib.glbl -log elaborate.log"
Vivado Simulator v2025.2
Copyright 1986-2022 Xilinx, Inc. All Rights Reserved.
Copyright 2022-2025 Advanced Micro Devices, Inc. All Rights Reserved.
Running: D:/AMDDesignTools/2025.2/Vivado/bin/unwrapped/win64.o/xelab.exe --incr --debug typical --relax --mt 2 -L xil_defaultlib -L blk_mem_gen_v8_4_12 -L axi_lite_ipif_v3_0_4 -L axi_uartlite_v2_0_39 -L unisims_ver -L unimacro_ver -L secureip -L xpm --snapshot tb_riscv_behav xil_defaultlib.tb_riscv xil_defaultlib.glbl -log elaborate.log 
Using 2 slave threads.
Starting static elaboration
Pass Through NonSizing Optimizer
Completed static elaboration
INFO: [XSIM 43-4323] No Change in HDL. Linking previously generated obj files to create kernel
INFO: [USF-XSim-69] 'elaborate' step finished in '1' seconds
INFO: [USF-XSim-4] XSim::Simulate design
INFO: [USF-XSim-61] Executing 'SIMULATE' step in 'E:/Projects/FPGA/Pipelined_Processor/Pipelined_Processor.sim/sim_1/behav/xsim'
INFO: [USF-XSim-98] *** Running xsim
   with args "tb_riscv_behav -key {Behavioral:sim_1:Functional:tb_riscv} -tclbatch {tb_riscv.tcl} -view {E:/Projects/FPGA/Pipelined_Processor/Pipelined_Processor.sim/tb_riscv_behav.wcfg} -log {simulate.log}"
INFO: [USF-XSim-8] Loading simulator feature
Time resolution is 1 ps
open_wave_config E:/Projects/FPGA/Pipelined_Processor/Pipelined_Processor.sim/tb_riscv_behav.wcfg
source tb_riscv.tcl
## set curr_wave [current_wave_config]
## if { [string length $curr_wave] == 0 } {
##   if { [llength [get_objects]] > 0} {
##     add_wave /
##     set_property needs_save false [current_wave_config]
##   } else {
##      send_msg_id Add_Wave-1 WARNING "No top level signals found. Simulator will start without a wave window. If you want to open a wave window go to 'File->New Waveform Configuration' or type 'create_wave_config' in the TCL console."
##   }
## }
## run 20us
 Block Memory Generator module loading initial data...
 Block Memory Generator data initialization complete.
Block Memory Generator module tb_riscv.dut.mem.inst.native_mem_mapped_module.blk_mem_gen_v8_4_12_inst is using a behavioral model for simulation which will not precisely model memory collision behavior.
--- Verilog: Test Passed (Write 1 to tohost) ---
$stop called at time : 5590332 ps : File "E:/Projects/RISC-V_CPU/Pipelined_Processor/tb/tb_riscv.v" Line 98
INFO: [USF-XSim-96] XSim completed. Design snapshot 'tb_riscv_behav' loaded.
INFO: [USF-XSim-97] XSim simulation ran for 20us
launch_simulation: Time (s): cpu = 00:00:01 ; elapsed = 00:00:06 . Memory (MB): peak = 561.633 ; gain = 0.000
--- Verilog: Test Passed (Write 1 to tohost) ---
$stop called at time : 5701443 ps : File "E:/Projects/RISC-V_CPU/Pipelined_Processor/tb/tb_riscv.v" Line 98
  -> PASS
Running Test: rv32ui-p-auipc.hex ...
INFO: [Simtcl 6-16] Simulation closed
Command: launch_simulation 
INFO: [Vivado 12-25911] Executing simulation for 'XSim' simulator
INFO: [Vivado 12-28535] Process started - Mon Jan  5 14:59:19 2026

INFO: [Vivado 12-12493] Simulation top is 'tb_riscv'
INFO: [Vivado 12-5698] Checking validity of IPs in the design for the 'XSim' simulator...
INFO: [Vivado 12-5682] Launching behavioral simulation in 'E:/Projects/FPGA/Pipelined_Processor/Pipelined_Processor.sim/sim_1/behav/xsim'
INFO: [Vivado 12-13660] Precompiled IP simulation library mode is enabled (default). The design IP libraries will be referenced from the compiled library path. Please note that if the precompiled version of the library is not found from the path or the IP is in locked state, then the library source files for these IPs will be compiled locally as part of the compile order.
INFO: [Vivado 12-4795] Using compiled simulation libraries for IPs
INFO: [SIM-utils-51] Simulation object is 'sim_1'
INFO: [SIM-utils-72] Using boost library from 'D:/AMDDesignTools/2025.2/Vivado/tps/boost_1_72_0'
INFO: [USF-XSim-7] Finding pre-compiled libraries...
INFO: [USF-XSim-11] File 'D:/AMDDesignTools/2025.2/Vivado/data/xsim/xsim.ini' copied to run dir:'E:/Projects/FPGA/Pipelined_Processor/Pipelined_Processor.sim/sim_1/behav/xsim'
INFO: [SIM-utils-54] Inspecting design source files for 'tb_riscv' in fileset 'sim_1'...
INFO: [SIM-utils-43] Exported 'E:/Projects/FPGA/Pipelined_Processor/Pipelined_Processor.sim/sim_1/behav/xsim/RAM.mif'
INFO: [SIM-utils-43] Exported 'E:/Projects/FPGA/Pipelined_Processor/Pipelined_Processor.sim/sim_1/behav/xsim/main.coe'
INFO: [SIM-utils-43] Exported 'E:/Projects/FPGA/Pipelined_Processor/Pipelined_Processor.sim/sim_1/behav/xsim/current_test.hex'
INFO: [USF-XSim-97] Finding global include files...
INFO: [USF-XSim-100] Fetching design files from 'sources_1'...(this may take a while)...
INFO: [USF-XSim-101] Fetching design files from 'sim_1'...
INFO: [USF-XSim-2] XSim::Compile design
INFO: [USF-XSim-61] Executing 'COMPILE and ANALYZE' step in 'E:/Projects/FPGA/Pipelined_Processor/Pipelined_Processor.sim/sim_1/behav/xsim'
"xvlog --incr --relax -prj tb_riscv_vlog.prj"
"xvhdl --incr --relax -prj tb_riscv_vhdl.prj"
INFO: [USF-XSim-69] 'compile' step finished in '3' seconds
INFO: [USF-XSim-3] XSim::Elaborate design
INFO: [USF-XSim-61] Executing 'ELABORATE' step in 'E:/Projects/FPGA/Pipelined_Processor/Pipelined_Processor.sim/sim_1/behav/xsim'
"xelab --incr --debug typical --relax --mt 2 -L xil_defaultlib -L blk_mem_gen_v8_4_12 -L axi_lite_ipif_v3_0_4 -L axi_uartlite_v2_0_39 -L unisims_ver -L unimacro_ver -L secureip -L xpm --snapshot tb_riscv_behav xil_defaultlib.tb_riscv xil_defaultlib.glbl -log elaborate.log"
Vivado Simulator v2025.2
Copyright 1986-2022 Xilinx, Inc. All Rights Reserved.
Copyright 2022-2025 Advanced Micro Devices, Inc. All Rights Reserved.
Running: D:/AMDDesignTools/2025.2/Vivado/bin/unwrapped/win64.o/xelab.exe --incr --debug typical --relax --mt 2 -L xil_defaultlib -L blk_mem_gen_v8_4_12 -L axi_lite_ipif_v3_0_4 -L axi_uartlite_v2_0_39 -L unisims_ver -L unimacro_ver -L secureip -L xpm --snapshot tb_riscv_behav xil_defaultlib.tb_riscv xil_defaultlib.glbl -log elaborate.log 
Using 2 slave threads.
Starting static elaboration
Pass Through NonSizing Optimizer
Completed static elaboration
INFO: [XSIM 43-4323] No Change in HDL. Linking previously generated obj files to create kernel
INFO: [USF-XSim-69] 'elaborate' step finished in '1' seconds
INFO: [USF-XSim-4] XSim::Simulate design
INFO: [USF-XSim-61] Executing 'SIMULATE' step in 'E:/Projects/FPGA/Pipelined_Processor/Pipelined_Processor.sim/sim_1/behav/xsim'
INFO: [USF-XSim-98] *** Running xsim
   with args "tb_riscv_behav -key {Behavioral:sim_1:Functional:tb_riscv} -tclbatch {tb_riscv.tcl} -view {E:/Projects/FPGA/Pipelined_Processor/Pipelined_Processor.sim/tb_riscv_behav.wcfg} -log {simulate.log}"
INFO: [USF-XSim-8] Loading simulator feature
Time resolution is 1 ps
open_wave_config E:/Projects/FPGA/Pipelined_Processor/Pipelined_Processor.sim/tb_riscv_behav.wcfg
source tb_riscv.tcl
## set curr_wave [current_wave_config]
## if { [string length $curr_wave] == 0 } {
##   if { [llength [get_objects]] > 0} {
##     add_wave /
##     set_property needs_save false [current_wave_config]
##   } else {
##      send_msg_id Add_Wave-1 WARNING "No top level signals found. Simulator will start without a wave window. If you want to open a wave window go to 'File->New Waveform Configuration' or type 'create_wave_config' in the TCL console."
##   }
## }
## run 20us
 Block Memory Generator module loading initial data...
 Block Memory Generator data initialization complete.
Block Memory Generator module tb_riscv.dut.mem.inst.native_mem_mapped_module.blk_mem_gen_v8_4_12_inst is using a behavioral model for simulation which will not precisely model memory collision behavior.
--- Verilog: Test Passed (Write 1 to tohost) ---
$stop called at time : 3479221 ps : File "E:/Projects/RISC-V_CPU/Pipelined_Processor/tb/tb_riscv.v" Line 98
INFO: [USF-XSim-96] XSim completed. Design snapshot 'tb_riscv_behav' loaded.
INFO: [USF-XSim-97] XSim simulation ran for 20us
launch_simulation: Time (s): cpu = 00:00:00 ; elapsed = 00:00:06 . Memory (MB): peak = 561.633 ; gain = 0.000
--- Verilog: Test Passed (Write 1 to tohost) ---
$stop called at time : 3590332 ps : File "E:/Projects/RISC-V_CPU/Pipelined_Processor/tb/tb_riscv.v" Line 98
  -> PASS
Running Test: rv32ui-p-beq.hex ...
INFO: [Simtcl 6-16] Simulation closed
Command: launch_simulation 
INFO: [Vivado 12-25911] Executing simulation for 'XSim' simulator
INFO: [Vivado 12-28535] Process started - Mon Jan  5 14:59:26 2026

INFO: [Vivado 12-12493] Simulation top is 'tb_riscv'
INFO: [Vivado 12-5698] Checking validity of IPs in the design for the 'XSim' simulator...
INFO: [Vivado 12-5682] Launching behavioral simulation in 'E:/Projects/FPGA/Pipelined_Processor/Pipelined_Processor.sim/sim_1/behav/xsim'
INFO: [Vivado 12-13660] Precompiled IP simulation library mode is enabled (default). The design IP libraries will be referenced from the compiled library path. Please note that if the precompiled version of the library is not found from the path or the IP is in locked state, then the library source files for these IPs will be compiled locally as part of the compile order.
INFO: [Vivado 12-4795] Using compiled simulation libraries for IPs
INFO: [SIM-utils-51] Simulation object is 'sim_1'
INFO: [SIM-utils-72] Using boost library from 'D:/AMDDesignTools/2025.2/Vivado/tps/boost_1_72_0'
INFO: [USF-XSim-7] Finding pre-compiled libraries...
INFO: [USF-XSim-11] File 'D:/AMDDesignTools/2025.2/Vivado/data/xsim/xsim.ini' copied to run dir:'E:/Projects/FPGA/Pipelined_Processor/Pipelined_Processor.sim/sim_1/behav/xsim'
INFO: [SIM-utils-54] Inspecting design source files for 'tb_riscv' in fileset 'sim_1'...
INFO: [SIM-utils-43] Exported 'E:/Projects/FPGA/Pipelined_Processor/Pipelined_Processor.sim/sim_1/behav/xsim/RAM.mif'
INFO: [SIM-utils-43] Exported 'E:/Projects/FPGA/Pipelined_Processor/Pipelined_Processor.sim/sim_1/behav/xsim/main.coe'
INFO: [SIM-utils-43] Exported 'E:/Projects/FPGA/Pipelined_Processor/Pipelined_Processor.sim/sim_1/behav/xsim/current_test.hex'
INFO: [USF-XSim-97] Finding global include files...
INFO: [USF-XSim-100] Fetching design files from 'sources_1'...(this may take a while)...
INFO: [USF-XSim-101] Fetching design files from 'sim_1'...
INFO: [USF-XSim-2] XSim::Compile design
INFO: [USF-XSim-61] Executing 'COMPILE and ANALYZE' step in 'E:/Projects/FPGA/Pipelined_Processor/Pipelined_Processor.sim/sim_1/behav/xsim'
"xvlog --incr --relax -prj tb_riscv_vlog.prj"
"xvhdl --incr --relax -prj tb_riscv_vhdl.prj"
INFO: [USF-XSim-69] 'compile' step finished in '2' seconds
INFO: [USF-XSim-3] XSim::Elaborate design
INFO: [USF-XSim-61] Executing 'ELABORATE' step in 'E:/Projects/FPGA/Pipelined_Processor/Pipelined_Processor.sim/sim_1/behav/xsim'
"xelab --incr --debug typical --relax --mt 2 -L xil_defaultlib -L blk_mem_gen_v8_4_12 -L axi_lite_ipif_v3_0_4 -L axi_uartlite_v2_0_39 -L unisims_ver -L unimacro_ver -L secureip -L xpm --snapshot tb_riscv_behav xil_defaultlib.tb_riscv xil_defaultlib.glbl -log elaborate.log"
Vivado Simulator v2025.2
Copyright 1986-2022 Xilinx, Inc. All Rights Reserved.
Copyright 2022-2025 Advanced Micro Devices, Inc. All Rights Reserved.
Running: D:/AMDDesignTools/2025.2/Vivado/bin/unwrapped/win64.o/xelab.exe --incr --debug typical --relax --mt 2 -L xil_defaultlib -L blk_mem_gen_v8_4_12 -L axi_lite_ipif_v3_0_4 -L axi_uartlite_v2_0_39 -L unisims_ver -L unimacro_ver -L secureip -L xpm --snapshot tb_riscv_behav xil_defaultlib.tb_riscv xil_defaultlib.glbl -log elaborate.log 
Using 2 slave threads.
Starting static elaboration
Pass Through NonSizing Optimizer
Completed static elaboration
INFO: [XSIM 43-4323] No Change in HDL. Linking previously generated obj files to create kernel
INFO: [USF-XSim-69] 'elaborate' step finished in '2' seconds
INFO: [USF-XSim-4] XSim::Simulate design
INFO: [USF-XSim-61] Executing 'SIMULATE' step in 'E:/Projects/FPGA/Pipelined_Processor/Pipelined_Processor.sim/sim_1/behav/xsim'
INFO: [USF-XSim-98] *** Running xsim
   with args "tb_riscv_behav -key {Behavioral:sim_1:Functional:tb_riscv} -tclbatch {tb_riscv.tcl} -view {E:/Projects/FPGA/Pipelined_Processor/Pipelined_Processor.sim/tb_riscv_behav.wcfg} -log {simulate.log}"
INFO: [USF-XSim-8] Loading simulator feature
Time resolution is 1 ps
open_wave_config E:/Projects/FPGA/Pipelined_Processor/Pipelined_Processor.sim/tb_riscv_behav.wcfg
source tb_riscv.tcl
## set curr_wave [current_wave_config]
## if { [string length $curr_wave] == 0 } {
##   if { [llength [get_objects]] > 0} {
##     add_wave /
##     set_property needs_save false [current_wave_config]
##   } else {
##      send_msg_id Add_Wave-1 WARNING "No top level signals found. Simulator will start without a wave window. If you want to open a wave window go to 'File->New Waveform Configuration' or type 'create_wave_config' in the TCL console."
##   }
## }
## run 20us
 Block Memory Generator module loading initial data...
 Block Memory Generator data initialization complete.
Block Memory Generator module tb_riscv.dut.mem.inst.native_mem_mapped_module.blk_mem_gen_v8_4_12_inst is using a behavioral model for simulation which will not precisely model memory collision behavior.
--- Verilog: Test Passed (Write 1 to tohost) ---
$stop called at time : 7715332 ps : File "E:/Projects/RISC-V_CPU/Pipelined_Processor/tb/tb_riscv.v" Line 98
INFO: [USF-XSim-96] XSim completed. Design snapshot 'tb_riscv_behav' loaded.
INFO: [USF-XSim-97] XSim simulation ran for 20us
launch_simulation: Time (s): cpu = 00:00:00 ; elapsed = 00:00:06 . Memory (MB): peak = 561.633 ; gain = 0.000
--- Verilog: Test Passed (Write 1 to tohost) ---
$stop called at time : 7826444 ps : File "E:/Projects/RISC-V_CPU/Pipelined_Processor/tb/tb_riscv.v" Line 98
  -> PASS
Running Test: rv32ui-p-bge.hex ...
INFO: [Simtcl 6-16] Simulation closed
Command: launch_simulation 
INFO: [Vivado 12-25911] Executing simulation for 'XSim' simulator
INFO: [Vivado 12-28535] Process started - Mon Jan  5 14:59:33 2026

INFO: [Vivado 12-12493] Simulation top is 'tb_riscv'
INFO: [Vivado 12-5698] Checking validity of IPs in the design for the 'XSim' simulator...
INFO: [Vivado 12-5682] Launching behavioral simulation in 'E:/Projects/FPGA/Pipelined_Processor/Pipelined_Processor.sim/sim_1/behav/xsim'
INFO: [Vivado 12-13660] Precompiled IP simulation library mode is enabled (default). The design IP libraries will be referenced from the compiled library path. Please note that if the precompiled version of the library is not found from the path or the IP is in locked state, then the library source files for these IPs will be compiled locally as part of the compile order.
INFO: [Vivado 12-4795] Using compiled simulation libraries for IPs
INFO: [SIM-utils-51] Simulation object is 'sim_1'
INFO: [SIM-utils-72] Using boost library from 'D:/AMDDesignTools/2025.2/Vivado/tps/boost_1_72_0'
INFO: [USF-XSim-7] Finding pre-compiled libraries...
INFO: [USF-XSim-11] File 'D:/AMDDesignTools/2025.2/Vivado/data/xsim/xsim.ini' copied to run dir:'E:/Projects/FPGA/Pipelined_Processor/Pipelined_Processor.sim/sim_1/behav/xsim'
INFO: [SIM-utils-54] Inspecting design source files for 'tb_riscv' in fileset 'sim_1'...
INFO: [SIM-utils-43] Exported 'E:/Projects/FPGA/Pipelined_Processor/Pipelined_Processor.sim/sim_1/behav/xsim/RAM.mif'
INFO: [SIM-utils-43] Exported 'E:/Projects/FPGA/Pipelined_Processor/Pipelined_Processor.sim/sim_1/behav/xsim/main.coe'
INFO: [SIM-utils-43] Exported 'E:/Projects/FPGA/Pipelined_Processor/Pipelined_Processor.sim/sim_1/behav/xsim/current_test.hex'
INFO: [USF-XSim-97] Finding global include files...
INFO: [USF-XSim-100] Fetching design files from 'sources_1'...(this may take a while)...
INFO: [USF-XSim-101] Fetching design files from 'sim_1'...
INFO: [USF-XSim-2] XSim::Compile design
INFO: [USF-XSim-61] Executing 'COMPILE and ANALYZE' step in 'E:/Projects/FPGA/Pipelined_Processor/Pipelined_Processor.sim/sim_1/behav/xsim'
"xvlog --incr --relax -prj tb_riscv_vlog.prj"
"xvhdl --incr --relax -prj tb_riscv_vhdl.prj"
INFO: [USF-XSim-69] 'compile' step finished in '2' seconds
INFO: [USF-XSim-3] XSim::Elaborate design
INFO: [USF-XSim-61] Executing 'ELABORATE' step in 'E:/Projects/FPGA/Pipelined_Processor/Pipelined_Processor.sim/sim_1/behav/xsim'
"xelab --incr --debug typical --relax --mt 2 -L xil_defaultlib -L blk_mem_gen_v8_4_12 -L axi_lite_ipif_v3_0_4 -L axi_uartlite_v2_0_39 -L unisims_ver -L unimacro_ver -L secureip -L xpm --snapshot tb_riscv_behav xil_defaultlib.tb_riscv xil_defaultlib.glbl -log elaborate.log"
Vivado Simulator v2025.2
Copyright 1986-2022 Xilinx, Inc. All Rights Reserved.
Copyright 2022-2025 Advanced Micro Devices, Inc. All Rights Reserved.
Running: D:/AMDDesignTools/2025.2/Vivado/bin/unwrapped/win64.o/xelab.exe --incr --debug typical --relax --mt 2 -L xil_defaultlib -L blk_mem_gen_v8_4_12 -L axi_lite_ipif_v3_0_4 -L axi_uartlite_v2_0_39 -L unisims_ver -L unimacro_ver -L secureip -L xpm --snapshot tb_riscv_behav xil_defaultlib.tb_riscv xil_defaultlib.glbl -log elaborate.log 
Using 2 slave threads.
Starting static elaboration
Pass Through NonSizing Optimizer
Completed static elaboration
INFO: [XSIM 43-4323] No Change in HDL. Linking previously generated obj files to create kernel
INFO: [USF-XSim-69] 'elaborate' step finished in '2' seconds
INFO: [USF-XSim-4] XSim::Simulate design
INFO: [USF-XSim-61] Executing 'SIMULATE' step in 'E:/Projects/FPGA/Pipelined_Processor/Pipelined_Processor.sim/sim_1/behav/xsim'
INFO: [USF-XSim-98] *** Running xsim
   with args "tb_riscv_behav -key {Behavioral:sim_1:Functional:tb_riscv} -tclbatch {tb_riscv.tcl} -view {E:/Projects/FPGA/Pipelined_Processor/Pipelined_Processor.sim/tb_riscv_behav.wcfg} -log {simulate.log}"
INFO: [USF-XSim-8] Loading simulator feature
Time resolution is 1 ps
open_wave_config E:/Projects/FPGA/Pipelined_Processor/Pipelined_Processor.sim/tb_riscv_behav.wcfg
source tb_riscv.tcl
## set curr_wave [current_wave_config]
## if { [string length $curr_wave] == 0 } {
##   if { [llength [get_objects]] > 0} {
##     add_wave /
##     set_property needs_save false [current_wave_config]
##   } else {
##      send_msg_id Add_Wave-1 WARNING "No top level signals found. Simulator will start without a wave window. If you want to open a wave window go to 'File->New Waveform Configuration' or type 'create_wave_config' in the TCL console."
##   }
## }
## run 20us
 Block Memory Generator module loading initial data...
 Block Memory Generator data initialization complete.
Block Memory Generator module tb_riscv.dut.mem.inst.native_mem_mapped_module.blk_mem_gen_v8_4_12_inst is using a behavioral model for simulation which will not precisely model memory collision behavior.
--- Verilog: Test Passed (Write 1 to tohost) ---
$stop called at time : 8340332 ps : File "E:/Projects/RISC-V_CPU/Pipelined_Processor/tb/tb_riscv.v" Line 98
INFO: [USF-XSim-96] XSim completed. Design snapshot 'tb_riscv_behav' loaded.
INFO: [USF-XSim-97] XSim simulation ran for 20us
launch_simulation: Time (s): cpu = 00:00:01 ; elapsed = 00:00:08 . Memory (MB): peak = 561.633 ; gain = 0.000
--- Verilog: Test Passed (Write 1 to tohost) ---
$stop called at time : 8451443 ps : File "E:/Projects/RISC-V_CPU/Pipelined_Processor/tb/tb_riscv.v" Line 98
  -> PASS
Running Test: rv32ui-p-bgeu.hex ...
INFO: [Simtcl 6-16] Simulation closed
Command: launch_simulation 
INFO: [Vivado 12-25911] Executing simulation for 'XSim' simulator
INFO: [Vivado 12-28535] Process started - Mon Jan  5 14:59:41 2026

INFO: [Vivado 12-12493] Simulation top is 'tb_riscv'
INFO: [Vivado 12-5698] Checking validity of IPs in the design for the 'XSim' simulator...
INFO: [Vivado 12-5682] Launching behavioral simulation in 'E:/Projects/FPGA/Pipelined_Processor/Pipelined_Processor.sim/sim_1/behav/xsim'
INFO: [Vivado 12-13660] Precompiled IP simulation library mode is enabled (default). The design IP libraries will be referenced from the compiled library path. Please note that if the precompiled version of the library is not found from the path or the IP is in locked state, then the library source files for these IPs will be compiled locally as part of the compile order.
INFO: [Vivado 12-4795] Using compiled simulation libraries for IPs
INFO: [SIM-utils-51] Simulation object is 'sim_1'
INFO: [SIM-utils-72] Using boost library from 'D:/AMDDesignTools/2025.2/Vivado/tps/boost_1_72_0'
INFO: [USF-XSim-7] Finding pre-compiled libraries...
INFO: [USF-XSim-11] File 'D:/AMDDesignTools/2025.2/Vivado/data/xsim/xsim.ini' copied to run dir:'E:/Projects/FPGA/Pipelined_Processor/Pipelined_Processor.sim/sim_1/behav/xsim'
INFO: [SIM-utils-54] Inspecting design source files for 'tb_riscv' in fileset 'sim_1'...
INFO: [SIM-utils-43] Exported 'E:/Projects/FPGA/Pipelined_Processor/Pipelined_Processor.sim/sim_1/behav/xsim/RAM.mif'
INFO: [SIM-utils-43] Exported 'E:/Projects/FPGA/Pipelined_Processor/Pipelined_Processor.sim/sim_1/behav/xsim/main.coe'
INFO: [SIM-utils-43] Exported 'E:/Projects/FPGA/Pipelined_Processor/Pipelined_Processor.sim/sim_1/behav/xsim/current_test.hex'
INFO: [USF-XSim-97] Finding global include files...
INFO: [USF-XSim-100] Fetching design files from 'sources_1'...(this may take a while)...
INFO: [USF-XSim-101] Fetching design files from 'sim_1'...
INFO: [USF-XSim-2] XSim::Compile design
INFO: [USF-XSim-61] Executing 'COMPILE and ANALYZE' step in 'E:/Projects/FPGA/Pipelined_Processor/Pipelined_Processor.sim/sim_1/behav/xsim'
"xvlog --incr --relax -prj tb_riscv_vlog.prj"
"xvhdl --incr --relax -prj tb_riscv_vhdl.prj"
INFO: [USF-XSim-69] 'compile' step finished in '3' seconds
INFO: [USF-XSim-3] XSim::Elaborate design
INFO: [USF-XSim-61] Executing 'ELABORATE' step in 'E:/Projects/FPGA/Pipelined_Processor/Pipelined_Processor.sim/sim_1/behav/xsim'
"xelab --incr --debug typical --relax --mt 2 -L xil_defaultlib -L blk_mem_gen_v8_4_12 -L axi_lite_ipif_v3_0_4 -L axi_uartlite_v2_0_39 -L unisims_ver -L unimacro_ver -L secureip -L xpm --snapshot tb_riscv_behav xil_defaultlib.tb_riscv xil_defaultlib.glbl -log elaborate.log"
Vivado Simulator v2025.2
Copyright 1986-2022 Xilinx, Inc. All Rights Reserved.
Copyright 2022-2025 Advanced Micro Devices, Inc. All Rights Reserved.
Running: D:/AMDDesignTools/2025.2/Vivado/bin/unwrapped/win64.o/xelab.exe --incr --debug typical --relax --mt 2 -L xil_defaultlib -L blk_mem_gen_v8_4_12 -L axi_lite_ipif_v3_0_4 -L axi_uartlite_v2_0_39 -L unisims_ver -L unimacro_ver -L secureip -L xpm --snapshot tb_riscv_behav xil_defaultlib.tb_riscv xil_defaultlib.glbl -log elaborate.log 
Using 2 slave threads.
Starting static elaboration
Pass Through NonSizing Optimizer
Completed static elaboration
INFO: [XSIM 43-4323] No Change in HDL. Linking previously generated obj files to create kernel
INFO: [USF-XSim-69] 'elaborate' step finished in '2' seconds
INFO: [USF-XSim-4] XSim::Simulate design
INFO: [USF-XSim-61] Executing 'SIMULATE' step in 'E:/Projects/FPGA/Pipelined_Processor/Pipelined_Processor.sim/sim_1/behav/xsim'
INFO: [USF-XSim-98] *** Running xsim
   with args "tb_riscv_behav -key {Behavioral:sim_1:Functional:tb_riscv} -tclbatch {tb_riscv.tcl} -view {E:/Projects/FPGA/Pipelined_Processor/Pipelined_Processor.sim/tb_riscv_behav.wcfg} -log {simulate.log}"
INFO: [USF-XSim-8] Loading simulator feature
Time resolution is 1 ps
open_wave_config E:/Projects/FPGA/Pipelined_Processor/Pipelined_Processor.sim/tb_riscv_behav.wcfg
source tb_riscv.tcl
## set curr_wave [current_wave_config]
## if { [string length $curr_wave] == 0 } {
##   if { [llength [get_objects]] > 0} {
##     add_wave /
##     set_property needs_save false [current_wave_config]
##   } else {
##      send_msg_id Add_Wave-1 WARNING "No top level signals found. Simulator will start without a wave window. If you want to open a wave window go to 'File->New Waveform Configuration' or type 'create_wave_config' in the TCL console."
##   }
## }
## run 20us
 Block Memory Generator module loading initial data...
 Block Memory Generator data initialization complete.
Block Memory Generator module tb_riscv.dut.mem.inst.native_mem_mapped_module.blk_mem_gen_v8_4_12_inst is using a behavioral model for simulation which will not precisely model memory collision behavior.
--- Verilog: Test Passed (Write 1 to tohost) ---
$stop called at time : 8687554 ps : File "E:/Projects/RISC-V_CPU/Pipelined_Processor/tb/tb_riscv.v" Line 98
INFO: [USF-XSim-96] XSim completed. Design snapshot 'tb_riscv_behav' loaded.
INFO: [USF-XSim-97] XSim simulation ran for 20us
launch_simulation: Time (s): cpu = 00:00:02 ; elapsed = 00:00:08 . Memory (MB): peak = 561.633 ; gain = 0.000
--- Verilog: Test Passed (Write 1 to tohost) ---
$stop called at time : 8798666 ps : File "E:/Projects/RISC-V_CPU/Pipelined_Processor/tb/tb_riscv.v" Line 98
  -> PASS
Running Test: rv32ui-p-blt.hex ...
INFO: [Simtcl 6-16] Simulation closed
Command: launch_simulation 
INFO: [Vivado 12-25911] Executing simulation for 'XSim' simulator
INFO: [Vivado 12-28535] Process started - Mon Jan  5 14:59:50 2026

INFO: [Vivado 12-12493] Simulation top is 'tb_riscv'
INFO: [Vivado 12-5698] Checking validity of IPs in the design for the 'XSim' simulator...
INFO: [Vivado 12-5682] Launching behavioral simulation in 'E:/Projects/FPGA/Pipelined_Processor/Pipelined_Processor.sim/sim_1/behav/xsim'
INFO: [Vivado 12-13660] Precompiled IP simulation library mode is enabled (default). The design IP libraries will be referenced from the compiled library path. Please note that if the precompiled version of the library is not found from the path or the IP is in locked state, then the library source files for these IPs will be compiled locally as part of the compile order.
INFO: [Vivado 12-4795] Using compiled simulation libraries for IPs
INFO: [SIM-utils-51] Simulation object is 'sim_1'
INFO: [SIM-utils-72] Using boost library from 'D:/AMDDesignTools/2025.2/Vivado/tps/boost_1_72_0'
INFO: [USF-XSim-7] Finding pre-compiled libraries...
INFO: [USF-XSim-11] File 'D:/AMDDesignTools/2025.2/Vivado/data/xsim/xsim.ini' copied to run dir:'E:/Projects/FPGA/Pipelined_Processor/Pipelined_Processor.sim/sim_1/behav/xsim'
INFO: [SIM-utils-54] Inspecting design source files for 'tb_riscv' in fileset 'sim_1'...
INFO: [SIM-utils-43] Exported 'E:/Projects/FPGA/Pipelined_Processor/Pipelined_Processor.sim/sim_1/behav/xsim/RAM.mif'
INFO: [SIM-utils-43] Exported 'E:/Projects/FPGA/Pipelined_Processor/Pipelined_Processor.sim/sim_1/behav/xsim/main.coe'
INFO: [SIM-utils-43] Exported 'E:/Projects/FPGA/Pipelined_Processor/Pipelined_Processor.sim/sim_1/behav/xsim/current_test.hex'
INFO: [USF-XSim-97] Finding global include files...
INFO: [USF-XSim-100] Fetching design files from 'sources_1'...(this may take a while)...
INFO: [USF-XSim-101] Fetching design files from 'sim_1'...
INFO: [USF-XSim-2] XSim::Compile design
INFO: [USF-XSim-61] Executing 'COMPILE and ANALYZE' step in 'E:/Projects/FPGA/Pipelined_Processor/Pipelined_Processor.sim/sim_1/behav/xsim'
"xvlog --incr --relax -prj tb_riscv_vlog.prj"
"xvhdl --incr --relax -prj tb_riscv_vhdl.prj"
INFO: [USF-XSim-69] 'compile' step finished in '2' seconds
INFO: [USF-XSim-3] XSim::Elaborate design
INFO: [USF-XSim-61] Executing 'ELABORATE' step in 'E:/Projects/FPGA/Pipelined_Processor/Pipelined_Processor.sim/sim_1/behav/xsim'
"xelab --incr --debug typical --relax --mt 2 -L xil_defaultlib -L blk_mem_gen_v8_4_12 -L axi_lite_ipif_v3_0_4 -L axi_uartlite_v2_0_39 -L unisims_ver -L unimacro_ver -L secureip -L xpm --snapshot tb_riscv_behav xil_defaultlib.tb_riscv xil_defaultlib.glbl -log elaborate.log"
Vivado Simulator v2025.2
Copyright 1986-2022 Xilinx, Inc. All Rights Reserved.
Copyright 2022-2025 Advanced Micro Devices, Inc. All Rights Reserved.
Running: D:/AMDDesignTools/2025.2/Vivado/bin/unwrapped/win64.o/xelab.exe --incr --debug typical --relax --mt 2 -L xil_defaultlib -L blk_mem_gen_v8_4_12 -L axi_lite_ipif_v3_0_4 -L axi_uartlite_v2_0_39 -L unisims_ver -L unimacro_ver -L secureip -L xpm --snapshot tb_riscv_behav xil_defaultlib.tb_riscv xil_defaultlib.glbl -log elaborate.log 
Using 2 slave threads.
Starting static elaboration
Pass Through NonSizing Optimizer
Completed static elaboration
INFO: [XSIM 43-4323] No Change in HDL. Linking previously generated obj files to create kernel
INFO: [USF-XSim-69] 'elaborate' step finished in '2' seconds
INFO: [USF-XSim-4] XSim::Simulate design
INFO: [USF-XSim-61] Executing 'SIMULATE' step in 'E:/Projects/FPGA/Pipelined_Processor/Pipelined_Processor.sim/sim_1/behav/xsim'
INFO: [USF-XSim-98] *** Running xsim
   with args "tb_riscv_behav -key {Behavioral:sim_1:Functional:tb_riscv} -tclbatch {tb_riscv.tcl} -view {E:/Projects/FPGA/Pipelined_Processor/Pipelined_Processor.sim/tb_riscv_behav.wcfg} -log {simulate.log}"
INFO: [USF-XSim-8] Loading simulator feature
Time resolution is 1 ps
open_wave_config E:/Projects/FPGA/Pipelined_Processor/Pipelined_Processor.sim/tb_riscv_behav.wcfg
source tb_riscv.tcl
## set curr_wave [current_wave_config]
## if { [string length $curr_wave] == 0 } {
##   if { [llength [get_objects]] > 0} {
##     add_wave /
##     set_property needs_save false [current_wave_config]
##   } else {
##      send_msg_id Add_Wave-1 WARNING "No top level signals found. Simulator will start without a wave window. If you want to open a wave window go to 'File->New Waveform Configuration' or type 'create_wave_config' in the TCL console."
##   }
## }
## run 20us
 Block Memory Generator module loading initial data...
 Block Memory Generator data initialization complete.
Block Memory Generator module tb_riscv.dut.mem.inst.native_mem_mapped_module.blk_mem_gen_v8_4_12_inst is using a behavioral model for simulation which will not precisely model memory collision behavior.
--- Verilog: Test Passed (Write 1 to tohost) ---
$stop called at time : 7715332 ps : File "E:/Projects/RISC-V_CPU/Pipelined_Processor/tb/tb_riscv.v" Line 98
INFO: [USF-XSim-96] XSim completed. Design snapshot 'tb_riscv_behav' loaded.
INFO: [USF-XSim-97] XSim simulation ran for 20us
launch_simulation: Time (s): cpu = 00:00:01 ; elapsed = 00:00:08 . Memory (MB): peak = 561.633 ; gain = 0.000
--- Verilog: Test Passed (Write 1 to tohost) ---
$stop called at time : 7826444 ps : File "E:/Projects/RISC-V_CPU/Pipelined_Processor/tb/tb_riscv.v" Line 98
  -> PASS
Running Test: rv32ui-p-bltu.hex ...
INFO: [Simtcl 6-16] Simulation closed
Command: launch_simulation 
INFO: [Vivado 12-25911] Executing simulation for 'XSim' simulator
INFO: [Vivado 12-28535] Process started - Mon Jan  5 14:59:58 2026

INFO: [Vivado 12-12493] Simulation top is 'tb_riscv'
INFO: [Vivado 12-5698] Checking validity of IPs in the design for the 'XSim' simulator...
INFO: [Vivado 12-5682] Launching behavioral simulation in 'E:/Projects/FPGA/Pipelined_Processor/Pipelined_Processor.sim/sim_1/behav/xsim'
INFO: [Vivado 12-13660] Precompiled IP simulation library mode is enabled (default). The design IP libraries will be referenced from the compiled library path. Please note that if the precompiled version of the library is not found from the path or the IP is in locked state, then the library source files for these IPs will be compiled locally as part of the compile order.
INFO: [Vivado 12-4795] Using compiled simulation libraries for IPs
INFO: [SIM-utils-51] Simulation object is 'sim_1'
INFO: [SIM-utils-72] Using boost library from 'D:/AMDDesignTools/2025.2/Vivado/tps/boost_1_72_0'
INFO: [USF-XSim-7] Finding pre-compiled libraries...
INFO: [USF-XSim-11] File 'D:/AMDDesignTools/2025.2/Vivado/data/xsim/xsim.ini' copied to run dir:'E:/Projects/FPGA/Pipelined_Processor/Pipelined_Processor.sim/sim_1/behav/xsim'
INFO: [SIM-utils-54] Inspecting design source files for 'tb_riscv' in fileset 'sim_1'...
INFO: [SIM-utils-43] Exported 'E:/Projects/FPGA/Pipelined_Processor/Pipelined_Processor.sim/sim_1/behav/xsim/RAM.mif'
INFO: [SIM-utils-43] Exported 'E:/Projects/FPGA/Pipelined_Processor/Pipelined_Processor.sim/sim_1/behav/xsim/main.coe'
INFO: [SIM-utils-43] Exported 'E:/Projects/FPGA/Pipelined_Processor/Pipelined_Processor.sim/sim_1/behav/xsim/current_test.hex'
INFO: [USF-XSim-97] Finding global include files...
INFO: [USF-XSim-100] Fetching design files from 'sources_1'...(this may take a while)...
INFO: [USF-XSim-101] Fetching design files from 'sim_1'...
INFO: [USF-XSim-2] XSim::Compile design
INFO: [USF-XSim-61] Executing 'COMPILE and ANALYZE' step in 'E:/Projects/FPGA/Pipelined_Processor/Pipelined_Processor.sim/sim_1/behav/xsim'
"xvlog --incr --relax -prj tb_riscv_vlog.prj"
"xvhdl --incr --relax -prj tb_riscv_vhdl.prj"
INFO: [USF-XSim-69] 'compile' step finished in '3' seconds
INFO: [USF-XSim-3] XSim::Elaborate design
INFO: [USF-XSim-61] Executing 'ELABORATE' step in 'E:/Projects/FPGA/Pipelined_Processor/Pipelined_Processor.sim/sim_1/behav/xsim'
"xelab --incr --debug typical --relax --mt 2 -L xil_defaultlib -L blk_mem_gen_v8_4_12 -L axi_lite_ipif_v3_0_4 -L axi_uartlite_v2_0_39 -L unisims_ver -L unimacro_ver -L secureip -L xpm --snapshot tb_riscv_behav xil_defaultlib.tb_riscv xil_defaultlib.glbl -log elaborate.log"
Vivado Simulator v2025.2
Copyright 1986-2022 Xilinx, Inc. All Rights Reserved.
Copyright 2022-2025 Advanced Micro Devices, Inc. All Rights Reserved.
Running: D:/AMDDesignTools/2025.2/Vivado/bin/unwrapped/win64.o/xelab.exe --incr --debug typical --relax --mt 2 -L xil_defaultlib -L blk_mem_gen_v8_4_12 -L axi_lite_ipif_v3_0_4 -L axi_uartlite_v2_0_39 -L unisims_ver -L unimacro_ver -L secureip -L xpm --snapshot tb_riscv_behav xil_defaultlib.tb_riscv xil_defaultlib.glbl -log elaborate.log 
Using 2 slave threads.
Starting static elaboration
Pass Through NonSizing Optimizer
Completed static elaboration
INFO: [XSIM 43-4323] No Change in HDL. Linking previously generated obj files to create kernel
INFO: [USF-XSim-69] 'elaborate' step finished in '2' seconds
INFO: [USF-XSim-4] XSim::Simulate design
INFO: [USF-XSim-61] Executing 'SIMULATE' step in 'E:/Projects/FPGA/Pipelined_Processor/Pipelined_Processor.sim/sim_1/behav/xsim'
INFO: [USF-XSim-98] *** Running xsim
   with args "tb_riscv_behav -key {Behavioral:sim_1:Functional:tb_riscv} -tclbatch {tb_riscv.tcl} -view {E:/Projects/FPGA/Pipelined_Processor/Pipelined_Processor.sim/tb_riscv_behav.wcfg} -log {simulate.log}"
INFO: [USF-XSim-8] Loading simulator feature
Time resolution is 1 ps
open_wave_config E:/Projects/FPGA/Pipelined_Processor/Pipelined_Processor.sim/tb_riscv_behav.wcfg
source tb_riscv.tcl
## set curr_wave [current_wave_config]
## if { [string length $curr_wave] == 0 } {
##   if { [llength [get_objects]] > 0} {
##     add_wave /
##     set_property needs_save false [current_wave_config]
##   } else {
##      send_msg_id Add_Wave-1 WARNING "No top level signals found. Simulator will start without a wave window. If you want to open a wave window go to 'File->New Waveform Configuration' or type 'create_wave_config' in the TCL console."
##   }
## }
## run 20us
 Block Memory Generator module loading initial data...
 Block Memory Generator data initialization complete.
Block Memory Generator module tb_riscv.dut.mem.inst.native_mem_mapped_module.blk_mem_gen_v8_4_12_inst is using a behavioral model for simulation which will not precisely model memory collision behavior.
--- Verilog: Test Passed (Write 1 to tohost) ---
$stop called at time : 8062555 ps : File "E:/Projects/RISC-V_CPU/Pipelined_Processor/tb/tb_riscv.v" Line 98
INFO: [USF-XSim-96] XSim completed. Design snapshot 'tb_riscv_behav' loaded.
INFO: [USF-XSim-97] XSim simulation ran for 20us
launch_simulation: Time (s): cpu = 00:00:01 ; elapsed = 00:00:08 . Memory (MB): peak = 561.633 ; gain = 0.000
--- Verilog: Test Passed (Write 1 to tohost) ---
$stop called at time : 8173666 ps : File "E:/Projects/RISC-V_CPU/Pipelined_Processor/tb/tb_riscv.v" Line 98
  -> PASS
Running Test: rv32ui-p-bne.hex ...
INFO: [Simtcl 6-16] Simulation closed
Command: launch_simulation 
INFO: [Vivado 12-25911] Executing simulation for 'XSim' simulator
INFO: [Vivado 12-28535] Process started - Mon Jan  5 15:00:07 2026

INFO: [Vivado 12-12493] Simulation top is 'tb_riscv'
INFO: [Vivado 12-5698] Checking validity of IPs in the design for the 'XSim' simulator...
INFO: [Vivado 12-5682] Launching behavioral simulation in 'E:/Projects/FPGA/Pipelined_Processor/Pipelined_Processor.sim/sim_1/behav/xsim'
INFO: [Vivado 12-13660] Precompiled IP simulation library mode is enabled (default). The design IP libraries will be referenced from the compiled library path. Please note that if the precompiled version of the library is not found from the path or the IP is in locked state, then the library source files for these IPs will be compiled locally as part of the compile order.
INFO: [Vivado 12-4795] Using compiled simulation libraries for IPs
INFO: [SIM-utils-51] Simulation object is 'sim_1'
INFO: [SIM-utils-72] Using boost library from 'D:/AMDDesignTools/2025.2/Vivado/tps/boost_1_72_0'
INFO: [USF-XSim-7] Finding pre-compiled libraries...
INFO: [USF-XSim-11] File 'D:/AMDDesignTools/2025.2/Vivado/data/xsim/xsim.ini' copied to run dir:'E:/Projects/FPGA/Pipelined_Processor/Pipelined_Processor.sim/sim_1/behav/xsim'
INFO: [SIM-utils-54] Inspecting design source files for 'tb_riscv' in fileset 'sim_1'...
INFO: [SIM-utils-43] Exported 'E:/Projects/FPGA/Pipelined_Processor/Pipelined_Processor.sim/sim_1/behav/xsim/RAM.mif'
INFO: [SIM-utils-43] Exported 'E:/Projects/FPGA/Pipelined_Processor/Pipelined_Processor.sim/sim_1/behav/xsim/main.coe'
INFO: [SIM-utils-43] Exported 'E:/Projects/FPGA/Pipelined_Processor/Pipelined_Processor.sim/sim_1/behav/xsim/current_test.hex'
INFO: [USF-XSim-97] Finding global include files...
INFO: [USF-XSim-100] Fetching design files from 'sources_1'...(this may take a while)...
INFO: [USF-XSim-101] Fetching design files from 'sim_1'...
INFO: [USF-XSim-2] XSim::Compile design
INFO: [USF-XSim-61] Executing 'COMPILE and ANALYZE' step in 'E:/Projects/FPGA/Pipelined_Processor/Pipelined_Processor.sim/sim_1/behav/xsim'
"xvlog --incr --relax -prj tb_riscv_vlog.prj"
"xvhdl --incr --relax -prj tb_riscv_vhdl.prj"
INFO: [USF-XSim-69] 'compile' step finished in '3' seconds
INFO: [USF-XSim-3] XSim::Elaborate design
INFO: [USF-XSim-61] Executing 'ELABORATE' step in 'E:/Projects/FPGA/Pipelined_Processor/Pipelined_Processor.sim/sim_1/behav/xsim'
"xelab --incr --debug typical --relax --mt 2 -L xil_defaultlib -L blk_mem_gen_v8_4_12 -L axi_lite_ipif_v3_0_4 -L axi_uartlite_v2_0_39 -L unisims_ver -L unimacro_ver -L secureip -L xpm --snapshot tb_riscv_behav xil_defaultlib.tb_riscv xil_defaultlib.glbl -log elaborate.log"
Vivado Simulator v2025.2
Copyright 1986-2022 Xilinx, Inc. All Rights Reserved.
Copyright 2022-2025 Advanced Micro Devices, Inc. All Rights Reserved.
Running: D:/AMDDesignTools/2025.2/Vivado/bin/unwrapped/win64.o/xelab.exe --incr --debug typical --relax --mt 2 -L xil_defaultlib -L blk_mem_gen_v8_4_12 -L axi_lite_ipif_v3_0_4 -L axi_uartlite_v2_0_39 -L unisims_ver -L unimacro_ver -L secureip -L xpm --snapshot tb_riscv_behav xil_defaultlib.tb_riscv xil_defaultlib.glbl -log elaborate.log 
Using 2 slave threads.
Starting static elaboration
Pass Through NonSizing Optimizer
Completed static elaboration
INFO: [XSIM 43-4323] No Change in HDL. Linking previously generated obj files to create kernel
INFO: [USF-XSim-69] 'elaborate' step finished in '2' seconds
INFO: [USF-XSim-4] XSim::Simulate design
INFO: [USF-XSim-61] Executing 'SIMULATE' step in 'E:/Projects/FPGA/Pipelined_Processor/Pipelined_Processor.sim/sim_1/behav/xsim'
INFO: [USF-XSim-98] *** Running xsim
   with args "tb_riscv_behav -key {Behavioral:sim_1:Functional:tb_riscv} -tclbatch {tb_riscv.tcl} -view {E:/Projects/FPGA/Pipelined_Processor/Pipelined_Processor.sim/tb_riscv_behav.wcfg} -log {simulate.log}"
INFO: [USF-XSim-8] Loading simulator feature
Time resolution is 1 ps
open_wave_config E:/Projects/FPGA/Pipelined_Processor/Pipelined_Processor.sim/tb_riscv_behav.wcfg
source tb_riscv.tcl
## set curr_wave [current_wave_config]
## if { [string length $curr_wave] == 0 } {
##   if { [llength [get_objects]] > 0} {
##     add_wave /
##     set_property needs_save false [current_wave_config]
##   } else {
##      send_msg_id Add_Wave-1 WARNING "No top level signals found. Simulator will start without a wave window. If you want to open a wave window go to 'File->New Waveform Configuration' or type 'create_wave_config' in the TCL console."
##   }
## }
## run 20us
 Block Memory Generator module loading initial data...
 Block Memory Generator data initialization complete.
Block Memory Generator module tb_riscv.dut.mem.inst.native_mem_mapped_module.blk_mem_gen_v8_4_12_inst is using a behavioral model for simulation which will not precisely model memory collision behavior.
--- Verilog: Test Passed (Write 1 to tohost) ---
$stop called at time : 7798666 ps : File "E:/Projects/RISC-V_CPU/Pipelined_Processor/tb/tb_riscv.v" Line 98
INFO: [USF-XSim-96] XSim completed. Design snapshot 'tb_riscv_behav' loaded.
INFO: [USF-XSim-97] XSim simulation ran for 20us
launch_simulation: Time (s): cpu = 00:00:01 ; elapsed = 00:00:08 . Memory (MB): peak = 561.633 ; gain = 0.000
--- Verilog: Test Passed (Write 1 to tohost) ---
$stop called at time : 7909777 ps : File "E:/Projects/RISC-V_CPU/Pipelined_Processor/tb/tb_riscv.v" Line 98
  -> PASS
Running Test: rv32ui-p-fence_i.hex ...
INFO: [Simtcl 6-16] Simulation closed
Command: launch_simulation 
INFO: [Vivado 12-25911] Executing simulation for 'XSim' simulator
INFO: [Vivado 12-28535] Process started - Mon Jan  5 15:00:15 2026

INFO: [Vivado 12-12493] Simulation top is 'tb_riscv'
INFO: [Vivado 12-5698] Checking validity of IPs in the design for the 'XSim' simulator...
INFO: [Vivado 12-5682] Launching behavioral simulation in 'E:/Projects/FPGA/Pipelined_Processor/Pipelined_Processor.sim/sim_1/behav/xsim'
INFO: [Vivado 12-13660] Precompiled IP simulation library mode is enabled (default). The design IP libraries will be referenced from the compiled library path. Please note that if the precompiled version of the library is not found from the path or the IP is in locked state, then the library source files for these IPs will be compiled locally as part of the compile order.
INFO: [Vivado 12-4795] Using compiled simulation libraries for IPs
INFO: [SIM-utils-51] Simulation object is 'sim_1'
INFO: [SIM-utils-72] Using boost library from 'D:/AMDDesignTools/2025.2/Vivado/tps/boost_1_72_0'
INFO: [USF-XSim-7] Finding pre-compiled libraries...
INFO: [USF-XSim-11] File 'D:/AMDDesignTools/2025.2/Vivado/data/xsim/xsim.ini' copied to run dir:'E:/Projects/FPGA/Pipelined_Processor/Pipelined_Processor.sim/sim_1/behav/xsim'
INFO: [SIM-utils-54] Inspecting design source files for 'tb_riscv' in fileset 'sim_1'...
INFO: [SIM-utils-43] Exported 'E:/Projects/FPGA/Pipelined_Processor/Pipelined_Processor.sim/sim_1/behav/xsim/RAM.mif'
INFO: [SIM-utils-43] Exported 'E:/Projects/FPGA/Pipelined_Processor/Pipelined_Processor.sim/sim_1/behav/xsim/main.coe'
INFO: [SIM-utils-43] Exported 'E:/Projects/FPGA/Pipelined_Processor/Pipelined_Processor.sim/sim_1/behav/xsim/current_test.hex'
INFO: [USF-XSim-97] Finding global include files...
INFO: [USF-XSim-100] Fetching design files from 'sources_1'...(this may take a while)...
INFO: [USF-XSim-101] Fetching design files from 'sim_1'...
INFO: [USF-XSim-2] XSim::Compile design
INFO: [USF-XSim-61] Executing 'COMPILE and ANALYZE' step in 'E:/Projects/FPGA/Pipelined_Processor/Pipelined_Processor.sim/sim_1/behav/xsim'
"xvlog --incr --relax -prj tb_riscv_vlog.prj"
"xvhdl --incr --relax -prj tb_riscv_vhdl.prj"
INFO: [USF-XSim-69] 'compile' step finished in '4' seconds
INFO: [USF-XSim-3] XSim::Elaborate design
INFO: [USF-XSim-61] Executing 'ELABORATE' step in 'E:/Projects/FPGA/Pipelined_Processor/Pipelined_Processor.sim/sim_1/behav/xsim'
"xelab --incr --debug typical --relax --mt 2 -L xil_defaultlib -L blk_mem_gen_v8_4_12 -L axi_lite_ipif_v3_0_4 -L axi_uartlite_v2_0_39 -L unisims_ver -L unimacro_ver -L secureip -L xpm --snapshot tb_riscv_behav xil_defaultlib.tb_riscv xil_defaultlib.glbl -log elaborate.log"
Vivado Simulator v2025.2
Copyright 1986-2022 Xilinx, Inc. All Rights Reserved.
Copyright 2022-2025 Advanced Micro Devices, Inc. All Rights Reserved.
Running: D:/AMDDesignTools/2025.2/Vivado/bin/unwrapped/win64.o/xelab.exe --incr --debug typical --relax --mt 2 -L xil_defaultlib -L blk_mem_gen_v8_4_12 -L axi_lite_ipif_v3_0_4 -L axi_uartlite_v2_0_39 -L unisims_ver -L unimacro_ver -L secureip -L xpm --snapshot tb_riscv_behav xil_defaultlib.tb_riscv xil_defaultlib.glbl -log elaborate.log 
Using 2 slave threads.
Starting static elaboration
Pass Through NonSizing Optimizer
Completed static elaboration
INFO: [XSIM 43-4323] No Change in HDL. Linking previously generated obj files to create kernel
INFO: [USF-XSim-69] 'elaborate' step finished in '2' seconds
INFO: [USF-XSim-4] XSim::Simulate design
INFO: [USF-XSim-61] Executing 'SIMULATE' step in 'E:/Projects/FPGA/Pipelined_Processor/Pipelined_Processor.sim/sim_1/behav/xsim'
INFO: [USF-XSim-98] *** Running xsim
   with args "tb_riscv_behav -key {Behavioral:sim_1:Functional:tb_riscv} -tclbatch {tb_riscv.tcl} -view {E:/Projects/FPGA/Pipelined_Processor/Pipelined_Processor.sim/tb_riscv_behav.wcfg} -log {simulate.log}"
INFO: [USF-XSim-8] Loading simulator feature
Time resolution is 1 ps
open_wave_config E:/Projects/FPGA/Pipelined_Processor/Pipelined_Processor.sim/tb_riscv_behav.wcfg
source tb_riscv.tcl
## set curr_wave [current_wave_config]
## if { [string length $curr_wave] == 0 } {
##   if { [llength [get_objects]] > 0} {
##     add_wave /
##     set_property needs_save false [current_wave_config]
##   } else {
##      send_msg_id Add_Wave-1 WARNING "No top level signals found. Simulator will start without a wave window. If you want to open a wave window go to 'File->New Waveform Configuration' or type 'create_wave_config' in the TCL console."
##   }
## }
## run 20us
 Block Memory Generator module loading initial data...
 Block Memory Generator data initialization complete.
Block Memory Generator module tb_riscv.dut.mem.inst.native_mem_mapped_module.blk_mem_gen_v8_4_12_inst is using a behavioral model for simulation which will not precisely model memory collision behavior.
--- Verilog: Test Passed (Write 1 to tohost) ---
$stop called at time : 11020888 ps : File "E:/Projects/RISC-V_CPU/Pipelined_Processor/tb/tb_riscv.v" Line 98
INFO: [USF-XSim-96] XSim completed. Design snapshot 'tb_riscv_behav' loaded.
INFO: [USF-XSim-97] XSim simulation ran for 20us
launch_simulation: Time (s): cpu = 00:00:02 ; elapsed = 00:00:09 . Memory (MB): peak = 561.633 ; gain = 0.000
--- Verilog: Test Passed (Write 1 to tohost) ---
$stop called at time : 11131999 ps : File "E:/Projects/RISC-V_CPU/Pipelined_Processor/tb/tb_riscv.v" Line 98
  -> PASS
Running Test: rv32ui-p-jal.hex ...
INFO: [Simtcl 6-16] Simulation closed
Command: launch_simulation 
INFO: [Vivado 12-25911] Executing simulation for 'XSim' simulator
INFO: [Vivado 12-28535] Process started - Mon Jan  5 15:00:25 2026

INFO: [Vivado 12-12493] Simulation top is 'tb_riscv'
INFO: [Vivado 12-5698] Checking validity of IPs in the design for the 'XSim' simulator...
INFO: [Vivado 12-5682] Launching behavioral simulation in 'E:/Projects/FPGA/Pipelined_Processor/Pipelined_Processor.sim/sim_1/behav/xsim'
INFO: [Vivado 12-13660] Precompiled IP simulation library mode is enabled (default). The design IP libraries will be referenced from the compiled library path. Please note that if the precompiled version of the library is not found from the path or the IP is in locked state, then the library source files for these IPs will be compiled locally as part of the compile order.
INFO: [Vivado 12-4795] Using compiled simulation libraries for IPs
INFO: [SIM-utils-51] Simulation object is 'sim_1'
INFO: [SIM-utils-72] Using boost library from 'D:/AMDDesignTools/2025.2/Vivado/tps/boost_1_72_0'
INFO: [USF-XSim-7] Finding pre-compiled libraries...
INFO: [USF-XSim-11] File 'D:/AMDDesignTools/2025.2/Vivado/data/xsim/xsim.ini' copied to run dir:'E:/Projects/FPGA/Pipelined_Processor/Pipelined_Processor.sim/sim_1/behav/xsim'
INFO: [SIM-utils-54] Inspecting design source files for 'tb_riscv' in fileset 'sim_1'...
INFO: [SIM-utils-43] Exported 'E:/Projects/FPGA/Pipelined_Processor/Pipelined_Processor.sim/sim_1/behav/xsim/RAM.mif'
INFO: [SIM-utils-43] Exported 'E:/Projects/FPGA/Pipelined_Processor/Pipelined_Processor.sim/sim_1/behav/xsim/main.coe'
INFO: [SIM-utils-43] Exported 'E:/Projects/FPGA/Pipelined_Processor/Pipelined_Processor.sim/sim_1/behav/xsim/current_test.hex'
INFO: [USF-XSim-97] Finding global include files...
INFO: [USF-XSim-100] Fetching design files from 'sources_1'...(this may take a while)...
INFO: [USF-XSim-101] Fetching design files from 'sim_1'...
INFO: [USF-XSim-2] XSim::Compile design
INFO: [USF-XSim-61] Executing 'COMPILE and ANALYZE' step in 'E:/Projects/FPGA/Pipelined_Processor/Pipelined_Processor.sim/sim_1/behav/xsim'
"xvlog --incr --relax -prj tb_riscv_vlog.prj"
"xvhdl --incr --relax -prj tb_riscv_vhdl.prj"
INFO: [USF-XSim-69] 'compile' step finished in '2' seconds
INFO: [USF-XSim-3] XSim::Elaborate design
INFO: [USF-XSim-61] Executing 'ELABORATE' step in 'E:/Projects/FPGA/Pipelined_Processor/Pipelined_Processor.sim/sim_1/behav/xsim'
"xelab --incr --debug typical --relax --mt 2 -L xil_defaultlib -L blk_mem_gen_v8_4_12 -L axi_lite_ipif_v3_0_4 -L axi_uartlite_v2_0_39 -L unisims_ver -L unimacro_ver -L secureip -L xpm --snapshot tb_riscv_behav xil_defaultlib.tb_riscv xil_defaultlib.glbl -log elaborate.log"
Vivado Simulator v2025.2
Copyright 1986-2022 Xilinx, Inc. All Rights Reserved.
Copyright 2022-2025 Advanced Micro Devices, Inc. All Rights Reserved.
Running: D:/AMDDesignTools/2025.2/Vivado/bin/unwrapped/win64.o/xelab.exe --incr --debug typical --relax --mt 2 -L xil_defaultlib -L blk_mem_gen_v8_4_12 -L axi_lite_ipif_v3_0_4 -L axi_uartlite_v2_0_39 -L unisims_ver -L unimacro_ver -L secureip -L xpm --snapshot tb_riscv_behav xil_defaultlib.tb_riscv xil_defaultlib.glbl -log elaborate.log 
Using 2 slave threads.
Starting static elaboration
Pass Through NonSizing Optimizer
Completed static elaboration
INFO: [XSIM 43-4323] No Change in HDL. Linking previously generated obj files to create kernel
INFO: [USF-XSim-69] 'elaborate' step finished in '2' seconds
INFO: [USF-XSim-4] XSim::Simulate design
INFO: [USF-XSim-61] Executing 'SIMULATE' step in 'E:/Projects/FPGA/Pipelined_Processor/Pipelined_Processor.sim/sim_1/behav/xsim'
INFO: [USF-XSim-98] *** Running xsim
   with args "tb_riscv_behav -key {Behavioral:sim_1:Functional:tb_riscv} -tclbatch {tb_riscv.tcl} -view {E:/Projects/FPGA/Pipelined_Processor/Pipelined_Processor.sim/tb_riscv_behav.wcfg} -log {simulate.log}"
INFO: [USF-XSim-8] Loading simulator feature
Time resolution is 1 ps
open_wave_config E:/Projects/FPGA/Pipelined_Processor/Pipelined_Processor.sim/tb_riscv_behav.wcfg
source tb_riscv.tcl
## set curr_wave [current_wave_config]
## if { [string length $curr_wave] == 0 } {
##   if { [llength [get_objects]] > 0} {
##     add_wave /
##     set_property needs_save false [current_wave_config]
##   } else {
##      send_msg_id Add_Wave-1 WARNING "No top level signals found. Simulator will start without a wave window. If you want to open a wave window go to 'File->New Waveform Configuration' or type 'create_wave_config' in the TCL console."
##   }
## }
## run 20us
 Block Memory Generator module loading initial data...
 Block Memory Generator data initialization complete.
Block Memory Generator module tb_riscv.dut.mem.inst.native_mem_mapped_module.blk_mem_gen_v8_4_12_inst is using a behavioral model for simulation which will not precisely model memory collision behavior.
--- Verilog: Test Passed (Write 1 to tohost) ---
$stop called at time : 3437554 ps : File "E:/Projects/RISC-V_CPU/Pipelined_Processor/tb/tb_riscv.v" Line 98
INFO: [USF-XSim-96] XSim completed. Design snapshot 'tb_riscv_behav' loaded.
INFO: [USF-XSim-97] XSim simulation ran for 20us
launch_simulation: Time (s): cpu = 00:00:01 ; elapsed = 00:00:08 . Memory (MB): peak = 561.633 ; gain = 0.000
--- Verilog: Test Passed (Write 1 to tohost) ---
$stop called at time : 3548665 ps : File "E:/Projects/RISC-V_CPU/Pipelined_Processor/tb/tb_riscv.v" Line 98
  -> PASS
Running Test: rv32ui-p-jalr.hex ...
INFO: [Simtcl 6-16] Simulation closed
Command: launch_simulation 
INFO: [Vivado 12-25911] Executing simulation for 'XSim' simulator
INFO: [Vivado 12-28535] Process started - Mon Jan  5 15:00:33 2026

INFO: [Vivado 12-12493] Simulation top is 'tb_riscv'
INFO: [Vivado 12-5698] Checking validity of IPs in the design for the 'XSim' simulator...
INFO: [Vivado 12-5682] Launching behavioral simulation in 'E:/Projects/FPGA/Pipelined_Processor/Pipelined_Processor.sim/sim_1/behav/xsim'
INFO: [Vivado 12-13660] Precompiled IP simulation library mode is enabled (default). The design IP libraries will be referenced from the compiled library path. Please note that if the precompiled version of the library is not found from the path or the IP is in locked state, then the library source files for these IPs will be compiled locally as part of the compile order.
INFO: [Vivado 12-4795] Using compiled simulation libraries for IPs
INFO: [SIM-utils-51] Simulation object is 'sim_1'
INFO: [SIM-utils-72] Using boost library from 'D:/AMDDesignTools/2025.2/Vivado/tps/boost_1_72_0'
INFO: [USF-XSim-7] Finding pre-compiled libraries...
INFO: [USF-XSim-11] File 'D:/AMDDesignTools/2025.2/Vivado/data/xsim/xsim.ini' copied to run dir:'E:/Projects/FPGA/Pipelined_Processor/Pipelined_Processor.sim/sim_1/behav/xsim'
INFO: [SIM-utils-54] Inspecting design source files for 'tb_riscv' in fileset 'sim_1'...
INFO: [SIM-utils-43] Exported 'E:/Projects/FPGA/Pipelined_Processor/Pipelined_Processor.sim/sim_1/behav/xsim/RAM.mif'
INFO: [SIM-utils-43] Exported 'E:/Projects/FPGA/Pipelined_Processor/Pipelined_Processor.sim/sim_1/behav/xsim/main.coe'
INFO: [SIM-utils-43] Exported 'E:/Projects/FPGA/Pipelined_Processor/Pipelined_Processor.sim/sim_1/behav/xsim/current_test.hex'
INFO: [USF-XSim-97] Finding global include files...
INFO: [USF-XSim-100] Fetching design files from 'sources_1'...(this may take a while)...
INFO: [USF-XSim-101] Fetching design files from 'sim_1'...
INFO: [USF-XSim-2] XSim::Compile design
INFO: [USF-XSim-61] Executing 'COMPILE and ANALYZE' step in 'E:/Projects/FPGA/Pipelined_Processor/Pipelined_Processor.sim/sim_1/behav/xsim'
"xvlog --incr --relax -prj tb_riscv_vlog.prj"
"xvhdl --incr --relax -prj tb_riscv_vhdl.prj"
INFO: [USF-XSim-69] 'compile' step finished in '4' seconds
INFO: [USF-XSim-3] XSim::Elaborate design
INFO: [USF-XSim-61] Executing 'ELABORATE' step in 'E:/Projects/FPGA/Pipelined_Processor/Pipelined_Processor.sim/sim_1/behav/xsim'
"xelab --incr --debug typical --relax --mt 2 -L xil_defaultlib -L blk_mem_gen_v8_4_12 -L axi_lite_ipif_v3_0_4 -L axi_uartlite_v2_0_39 -L unisims_ver -L unimacro_ver -L secureip -L xpm --snapshot tb_riscv_behav xil_defaultlib.tb_riscv xil_defaultlib.glbl -log elaborate.log"
Vivado Simulator v2025.2
Copyright 1986-2022 Xilinx, Inc. All Rights Reserved.
Copyright 2022-2025 Advanced Micro Devices, Inc. All Rights Reserved.
Running: D:/AMDDesignTools/2025.2/Vivado/bin/unwrapped/win64.o/xelab.exe --incr --debug typical --relax --mt 2 -L xil_defaultlib -L blk_mem_gen_v8_4_12 -L axi_lite_ipif_v3_0_4 -L axi_uartlite_v2_0_39 -L unisims_ver -L unimacro_ver -L secureip -L xpm --snapshot tb_riscv_behav xil_defaultlib.tb_riscv xil_defaultlib.glbl -log elaborate.log 
Using 2 slave threads.
Starting static elaboration
Pass Through NonSizing Optimizer
Completed static elaboration
INFO: [XSIM 43-4323] No Change in HDL. Linking previously generated obj files to create kernel
INFO: [USF-XSim-69] 'elaborate' step finished in '2' seconds
INFO: [USF-XSim-4] XSim::Simulate design
INFO: [USF-XSim-61] Executing 'SIMULATE' step in 'E:/Projects/FPGA/Pipelined_Processor/Pipelined_Processor.sim/sim_1/behav/xsim'
INFO: [USF-XSim-98] *** Running xsim
   with args "tb_riscv_behav -key {Behavioral:sim_1:Functional:tb_riscv} -tclbatch {tb_riscv.tcl} -view {E:/Projects/FPGA/Pipelined_Processor/Pipelined_Processor.sim/tb_riscv_behav.wcfg} -log {simulate.log}"
INFO: [USF-XSim-8] Loading simulator feature
Time resolution is 1 ps
open_wave_config E:/Projects/FPGA/Pipelined_Processor/Pipelined_Processor.sim/tb_riscv_behav.wcfg
source tb_riscv.tcl
## set curr_wave [current_wave_config]
## if { [string length $curr_wave] == 0 } {
##   if { [llength [get_objects]] > 0} {
##     add_wave /
##     set_property needs_save false [current_wave_config]
##   } else {
##      send_msg_id Add_Wave-1 WARNING "No top level signals found. Simulator will start without a wave window. If you want to open a wave window go to 'File->New Waveform Configuration' or type 'create_wave_config' in the TCL console."
##   }
## }
## run 20us
 Block Memory Generator module loading initial data...
 Block Memory Generator data initialization complete.
Block Memory Generator module tb_riscv.dut.mem.inst.native_mem_mapped_module.blk_mem_gen_v8_4_12_inst is using a behavioral model for simulation which will not precisely model memory collision behavior.
--- Verilog: Test Passed (Write 1 to tohost) ---
$stop called at time : 4687554 ps : File "E:/Projects/RISC-V_CPU/Pipelined_Processor/tb/tb_riscv.v" Line 98
INFO: [USF-XSim-96] XSim completed. Design snapshot 'tb_riscv_behav' loaded.
INFO: [USF-XSim-97] XSim simulation ran for 20us
launch_simulation: Time (s): cpu = 00:00:01 ; elapsed = 00:00:09 . Memory (MB): peak = 561.633 ; gain = 0.000
--- Verilog: Test Passed (Write 1 to tohost) ---
$stop called at time : 4798666 ps : File "E:/Projects/RISC-V_CPU/Pipelined_Processor/tb/tb_riscv.v" Line 98
  -> PASS
Running Test: rv32ui-p-lb.hex ...
INFO: [Simtcl 6-16] Simulation closed
Command: launch_simulation 
INFO: [Vivado 12-25911] Executing simulation for 'XSim' simulator
INFO: [Vivado 12-28535] Process started - Mon Jan  5 15:00:43 2026

INFO: [Vivado 12-12493] Simulation top is 'tb_riscv'
INFO: [Vivado 12-5698] Checking validity of IPs in the design for the 'XSim' simulator...
INFO: [Vivado 12-5682] Launching behavioral simulation in 'E:/Projects/FPGA/Pipelined_Processor/Pipelined_Processor.sim/sim_1/behav/xsim'
INFO: [Vivado 12-13660] Precompiled IP simulation library mode is enabled (default). The design IP libraries will be referenced from the compiled library path. Please note that if the precompiled version of the library is not found from the path or the IP is in locked state, then the library source files for these IPs will be compiled locally as part of the compile order.
INFO: [Vivado 12-4795] Using compiled simulation libraries for IPs
INFO: [SIM-utils-51] Simulation object is 'sim_1'
INFO: [SIM-utils-72] Using boost library from 'D:/AMDDesignTools/2025.2/Vivado/tps/boost_1_72_0'
INFO: [USF-XSim-7] Finding pre-compiled libraries...
INFO: [USF-XSim-11] File 'D:/AMDDesignTools/2025.2/Vivado/data/xsim/xsim.ini' copied to run dir:'E:/Projects/FPGA/Pipelined_Processor/Pipelined_Processor.sim/sim_1/behav/xsim'
INFO: [SIM-utils-54] Inspecting design source files for 'tb_riscv' in fileset 'sim_1'...
INFO: [SIM-utils-43] Exported 'E:/Projects/FPGA/Pipelined_Processor/Pipelined_Processor.sim/sim_1/behav/xsim/RAM.mif'
INFO: [SIM-utils-43] Exported 'E:/Projects/FPGA/Pipelined_Processor/Pipelined_Processor.sim/sim_1/behav/xsim/main.coe'
INFO: [SIM-utils-43] Exported 'E:/Projects/FPGA/Pipelined_Processor/Pipelined_Processor.sim/sim_1/behav/xsim/current_test.hex'
INFO: [USF-XSim-97] Finding global include files...
INFO: [USF-XSim-100] Fetching design files from 'sources_1'...(this may take a while)...
INFO: [USF-XSim-101] Fetching design files from 'sim_1'...
INFO: [USF-XSim-2] XSim::Compile design
INFO: [USF-XSim-61] Executing 'COMPILE and ANALYZE' step in 'E:/Projects/FPGA/Pipelined_Processor/Pipelined_Processor.sim/sim_1/behav/xsim'
"xvlog --incr --relax -prj tb_riscv_vlog.prj"
"xvhdl --incr --relax -prj tb_riscv_vhdl.prj"
INFO: [USF-XSim-69] 'compile' step finished in '3' seconds
INFO: [USF-XSim-3] XSim::Elaborate design
INFO: [USF-XSim-61] Executing 'ELABORATE' step in 'E:/Projects/FPGA/Pipelined_Processor/Pipelined_Processor.sim/sim_1/behav/xsim'
"xelab --incr --debug typical --relax --mt 2 -L xil_defaultlib -L blk_mem_gen_v8_4_12 -L axi_lite_ipif_v3_0_4 -L axi_uartlite_v2_0_39 -L unisims_ver -L unimacro_ver -L secureip -L xpm --snapshot tb_riscv_behav xil_defaultlib.tb_riscv xil_defaultlib.glbl -log elaborate.log"
Vivado Simulator v2025.2
Copyright 1986-2022 Xilinx, Inc. All Rights Reserved.
Copyright 2022-2025 Advanced Micro Devices, Inc. All Rights Reserved.
Running: D:/AMDDesignTools/2025.2/Vivado/bin/unwrapped/win64.o/xelab.exe --incr --debug typical --relax --mt 2 -L xil_defaultlib -L blk_mem_gen_v8_4_12 -L axi_lite_ipif_v3_0_4 -L axi_uartlite_v2_0_39 -L unisims_ver -L unimacro_ver -L secureip -L xpm --snapshot tb_riscv_behav xil_defaultlib.tb_riscv xil_defaultlib.glbl -log elaborate.log 
Using 2 slave threads.
Starting static elaboration
Pass Through NonSizing Optimizer
Completed static elaboration
INFO: [XSIM 43-4323] No Change in HDL. Linking previously generated obj files to create kernel
INFO: [USF-XSim-69] 'elaborate' step finished in '2' seconds
INFO: [USF-XSim-4] XSim::Simulate design
INFO: [USF-XSim-61] Executing 'SIMULATE' step in 'E:/Projects/FPGA/Pipelined_Processor/Pipelined_Processor.sim/sim_1/behav/xsim'
INFO: [USF-XSim-98] *** Running xsim
   with args "tb_riscv_behav -key {Behavioral:sim_1:Functional:tb_riscv} -tclbatch {tb_riscv.tcl} -view {E:/Projects/FPGA/Pipelined_Processor/Pipelined_Processor.sim/tb_riscv_behav.wcfg} -log {simulate.log}"
INFO: [USF-XSim-8] Loading simulator feature
Time resolution is 1 ps
open_wave_config E:/Projects/FPGA/Pipelined_Processor/Pipelined_Processor.sim/tb_riscv_behav.wcfg
source tb_riscv.tcl
## set curr_wave [current_wave_config]
## if { [string length $curr_wave] == 0 } {
##   if { [llength [get_objects]] > 0} {
##     add_wave /
##     set_property needs_save false [current_wave_config]
##   } else {
##      send_msg_id Add_Wave-1 WARNING "No top level signals found. Simulator will start without a wave window. If you want to open a wave window go to 'File->New Waveform Configuration' or type 'create_wave_config' in the TCL console."
##   }
## }
## run 20us
 Block Memory Generator module loading initial data...
 Block Memory Generator data initialization complete.
Block Memory Generator module tb_riscv.dut.mem.inst.native_mem_mapped_module.blk_mem_gen_v8_4_12_inst is using a behavioral model for simulation which will not precisely model memory collision behavior.
--- Verilog: Test Passed (Write 1 to tohost) ---
$stop called at time : 7034777 ps : File "E:/Projects/RISC-V_CPU/Pipelined_Processor/tb/tb_riscv.v" Line 98
INFO: [USF-XSim-96] XSim completed. Design snapshot 'tb_riscv_behav' loaded.
INFO: [USF-XSim-97] XSim simulation ran for 20us
launch_simulation: Time (s): cpu = 00:00:01 ; elapsed = 00:00:08 . Memory (MB): peak = 561.633 ; gain = 0.000
--- Verilog: Test Passed (Write 1 to tohost) ---
$stop called at time : 7145888 ps : File "E:/Projects/RISC-V_CPU/Pipelined_Processor/tb/tb_riscv.v" Line 98
  -> PASS
Running Test: rv32ui-p-lbu.hex ...
INFO: [Simtcl 6-16] Simulation closed
Command: launch_simulation 
INFO: [Vivado 12-25911] Executing simulation for 'XSim' simulator
INFO: [Vivado 12-28535] Process started - Mon Jan  5 15:00:51 2026

INFO: [Vivado 12-12493] Simulation top is 'tb_riscv'
INFO: [Vivado 12-5698] Checking validity of IPs in the design for the 'XSim' simulator...
INFO: [Vivado 12-5682] Launching behavioral simulation in 'E:/Projects/FPGA/Pipelined_Processor/Pipelined_Processor.sim/sim_1/behav/xsim'
INFO: [Vivado 12-13660] Precompiled IP simulation library mode is enabled (default). The design IP libraries will be referenced from the compiled library path. Please note that if the precompiled version of the library is not found from the path or the IP is in locked state, then the library source files for these IPs will be compiled locally as part of the compile order.
INFO: [Vivado 12-4795] Using compiled simulation libraries for IPs
INFO: [SIM-utils-51] Simulation object is 'sim_1'
INFO: [SIM-utils-72] Using boost library from 'D:/AMDDesignTools/2025.2/Vivado/tps/boost_1_72_0'
INFO: [USF-XSim-7] Finding pre-compiled libraries...
INFO: [USF-XSim-11] File 'D:/AMDDesignTools/2025.2/Vivado/data/xsim/xsim.ini' copied to run dir:'E:/Projects/FPGA/Pipelined_Processor/Pipelined_Processor.sim/sim_1/behav/xsim'
INFO: [SIM-utils-54] Inspecting design source files for 'tb_riscv' in fileset 'sim_1'...
INFO: [SIM-utils-43] Exported 'E:/Projects/FPGA/Pipelined_Processor/Pipelined_Processor.sim/sim_1/behav/xsim/RAM.mif'
INFO: [SIM-utils-43] Exported 'E:/Projects/FPGA/Pipelined_Processor/Pipelined_Processor.sim/sim_1/behav/xsim/main.coe'
INFO: [SIM-utils-43] Exported 'E:/Projects/FPGA/Pipelined_Processor/Pipelined_Processor.sim/sim_1/behav/xsim/current_test.hex'
INFO: [USF-XSim-97] Finding global include files...
INFO: [USF-XSim-100] Fetching design files from 'sources_1'...(this may take a while)...
INFO: [USF-XSim-101] Fetching design files from 'sim_1'...
INFO: [USF-XSim-2] XSim::Compile design
INFO: [USF-XSim-61] Executing 'COMPILE and ANALYZE' step in 'E:/Projects/FPGA/Pipelined_Processor/Pipelined_Processor.sim/sim_1/behav/xsim'
"xvlog --incr --relax -prj tb_riscv_vlog.prj"
"xvhdl --incr --relax -prj tb_riscv_vhdl.prj"
INFO: [USF-XSim-69] 'compile' step finished in '3' seconds
INFO: [USF-XSim-3] XSim::Elaborate design
INFO: [USF-XSim-61] Executing 'ELABORATE' step in 'E:/Projects/FPGA/Pipelined_Processor/Pipelined_Processor.sim/sim_1/behav/xsim'
"xelab --incr --debug typical --relax --mt 2 -L xil_defaultlib -L blk_mem_gen_v8_4_12 -L axi_lite_ipif_v3_0_4 -L axi_uartlite_v2_0_39 -L unisims_ver -L unimacro_ver -L secureip -L xpm --snapshot tb_riscv_behav xil_defaultlib.tb_riscv xil_defaultlib.glbl -log elaborate.log"
Vivado Simulator v2025.2
Copyright 1986-2022 Xilinx, Inc. All Rights Reserved.
Copyright 2022-2025 Advanced Micro Devices, Inc. All Rights Reserved.
Running: D:/AMDDesignTools/2025.2/Vivado/bin/unwrapped/win64.o/xelab.exe --incr --debug typical --relax --mt 2 -L xil_defaultlib -L blk_mem_gen_v8_4_12 -L axi_lite_ipif_v3_0_4 -L axi_uartlite_v2_0_39 -L unisims_ver -L unimacro_ver -L secureip -L xpm --snapshot tb_riscv_behav xil_defaultlib.tb_riscv xil_defaultlib.glbl -log elaborate.log 
Using 2 slave threads.
Starting static elaboration
Pass Through NonSizing Optimizer
Completed static elaboration
INFO: [XSIM 43-4323] No Change in HDL. Linking previously generated obj files to create kernel
INFO: [USF-XSim-69] 'elaborate' step finished in '2' seconds
INFO: [USF-XSim-4] XSim::Simulate design
INFO: [USF-XSim-61] Executing 'SIMULATE' step in 'E:/Projects/FPGA/Pipelined_Processor/Pipelined_Processor.sim/sim_1/behav/xsim'
INFO: [USF-XSim-98] *** Running xsim
   with args "tb_riscv_behav -key {Behavioral:sim_1:Functional:tb_riscv} -tclbatch {tb_riscv.tcl} -view {E:/Projects/FPGA/Pipelined_Processor/Pipelined_Processor.sim/tb_riscv_behav.wcfg} -log {simulate.log}"
INFO: [USF-XSim-8] Loading simulator feature
Time resolution is 1 ps
open_wave_config E:/Projects/FPGA/Pipelined_Processor/Pipelined_Processor.sim/tb_riscv_behav.wcfg
source tb_riscv.tcl
## set curr_wave [current_wave_config]
## if { [string length $curr_wave] == 0 } {
##   if { [llength [get_objects]] > 0} {
##     add_wave /
##     set_property needs_save false [current_wave_config]
##   } else {
##      send_msg_id Add_Wave-1 WARNING "No top level signals found. Simulator will start without a wave window. If you want to open a wave window go to 'File->New Waveform Configuration' or type 'create_wave_config' in the TCL console."
##   }
## }
## run 20us
 Block Memory Generator module loading initial data...
 Block Memory Generator data initialization complete.
Block Memory Generator module tb_riscv.dut.mem.inst.native_mem_mapped_module.blk_mem_gen_v8_4_12_inst is using a behavioral model for simulation which will not precisely model memory collision behavior.
--- Verilog: Test Passed (Write 1 to tohost) ---
$stop called at time : 7034777 ps : File "E:/Projects/RISC-V_CPU/Pipelined_Processor/tb/tb_riscv.v" Line 98
INFO: [USF-XSim-96] XSim completed. Design snapshot 'tb_riscv_behav' loaded.
INFO: [USF-XSim-97] XSim simulation ran for 20us
launch_simulation: Time (s): cpu = 00:00:02 ; elapsed = 00:00:08 . Memory (MB): peak = 561.633 ; gain = 0.000
--- Verilog: Test Passed (Write 1 to tohost) ---
$stop called at time : 7145888 ps : File "E:/Projects/RISC-V_CPU/Pipelined_Processor/tb/tb_riscv.v" Line 98
  -> PASS
Running Test: rv32ui-p-ld_st.hex ...
INFO: [Simtcl 6-16] Simulation closed
Command: launch_simulation 
INFO: [Vivado 12-25911] Executing simulation for 'XSim' simulator
INFO: [Vivado 12-28535] Process started - Mon Jan  5 15:01:00 2026

INFO: [Vivado 12-12493] Simulation top is 'tb_riscv'
INFO: [Vivado 12-5698] Checking validity of IPs in the design for the 'XSim' simulator...
INFO: [Vivado 12-5682] Launching behavioral simulation in 'E:/Projects/FPGA/Pipelined_Processor/Pipelined_Processor.sim/sim_1/behav/xsim'
INFO: [Vivado 12-13660] Precompiled IP simulation library mode is enabled (default). The design IP libraries will be referenced from the compiled library path. Please note that if the precompiled version of the library is not found from the path or the IP is in locked state, then the library source files for these IPs will be compiled locally as part of the compile order.
INFO: [Vivado 12-4795] Using compiled simulation libraries for IPs
INFO: [SIM-utils-51] Simulation object is 'sim_1'
INFO: [SIM-utils-72] Using boost library from 'D:/AMDDesignTools/2025.2/Vivado/tps/boost_1_72_0'
INFO: [USF-XSim-7] Finding pre-compiled libraries...
INFO: [USF-XSim-11] File 'D:/AMDDesignTools/2025.2/Vivado/data/xsim/xsim.ini' copied to run dir:'E:/Projects/FPGA/Pipelined_Processor/Pipelined_Processor.sim/sim_1/behav/xsim'
INFO: [SIM-utils-54] Inspecting design source files for 'tb_riscv' in fileset 'sim_1'...
INFO: [SIM-utils-43] Exported 'E:/Projects/FPGA/Pipelined_Processor/Pipelined_Processor.sim/sim_1/behav/xsim/RAM.mif'
INFO: [SIM-utils-43] Exported 'E:/Projects/FPGA/Pipelined_Processor/Pipelined_Processor.sim/sim_1/behav/xsim/main.coe'
INFO: [SIM-utils-43] Exported 'E:/Projects/FPGA/Pipelined_Processor/Pipelined_Processor.sim/sim_1/behav/xsim/current_test.hex'
INFO: [USF-XSim-97] Finding global include files...
INFO: [USF-XSim-100] Fetching design files from 'sources_1'...(this may take a while)...
INFO: [USF-XSim-101] Fetching design files from 'sim_1'...
INFO: [USF-XSim-2] XSim::Compile design
INFO: [USF-XSim-61] Executing 'COMPILE and ANALYZE' step in 'E:/Projects/FPGA/Pipelined_Processor/Pipelined_Processor.sim/sim_1/behav/xsim'
"xvlog --incr --relax -prj tb_riscv_vlog.prj"
"xvhdl --incr --relax -prj tb_riscv_vhdl.prj"
INFO: [USF-XSim-69] 'compile' step finished in '3' seconds
INFO: [USF-XSim-3] XSim::Elaborate design
INFO: [USF-XSim-61] Executing 'ELABORATE' step in 'E:/Projects/FPGA/Pipelined_Processor/Pipelined_Processor.sim/sim_1/behav/xsim'
"xelab --incr --debug typical --relax --mt 2 -L xil_defaultlib -L blk_mem_gen_v8_4_12 -L axi_lite_ipif_v3_0_4 -L axi_uartlite_v2_0_39 -L unisims_ver -L unimacro_ver -L secureip -L xpm --snapshot tb_riscv_behav xil_defaultlib.tb_riscv xil_defaultlib.glbl -log elaborate.log"
Vivado Simulator v2025.2
Copyright 1986-2022 Xilinx, Inc. All Rights Reserved.
Copyright 2022-2025 Advanced Micro Devices, Inc. All Rights Reserved.
Running: D:/AMDDesignTools/2025.2/Vivado/bin/unwrapped/win64.o/xelab.exe --incr --debug typical --relax --mt 2 -L xil_defaultlib -L blk_mem_gen_v8_4_12 -L axi_lite_ipif_v3_0_4 -L axi_uartlite_v2_0_39 -L unisims_ver -L unimacro_ver -L secureip -L xpm --snapshot tb_riscv_behav xil_defaultlib.tb_riscv xil_defaultlib.glbl -log elaborate.log 
Using 2 slave threads.
Starting static elaboration
Pass Through NonSizing Optimizer
Completed static elaboration
INFO: [XSIM 43-4323] No Change in HDL. Linking previously generated obj files to create kernel
INFO: [USF-XSim-69] 'elaborate' step finished in '2' seconds
INFO: [USF-XSim-4] XSim::Simulate design
INFO: [USF-XSim-61] Executing 'SIMULATE' step in 'E:/Projects/FPGA/Pipelined_Processor/Pipelined_Processor.sim/sim_1/behav/xsim'
INFO: [USF-XSim-98] *** Running xsim
   with args "tb_riscv_behav -key {Behavioral:sim_1:Functional:tb_riscv} -tclbatch {tb_riscv.tcl} -view {E:/Projects/FPGA/Pipelined_Processor/Pipelined_Processor.sim/tb_riscv_behav.wcfg} -log {simulate.log}"
INFO: [USF-XSim-8] Loading simulator feature
Time resolution is 1 ps
open_wave_config E:/Projects/FPGA/Pipelined_Processor/Pipelined_Processor.sim/tb_riscv_behav.wcfg
source tb_riscv.tcl
## set curr_wave [current_wave_config]
## if { [string length $curr_wave] == 0 } {
##   if { [llength [get_objects]] > 0} {
##     add_wave /
##     set_property needs_save false [current_wave_config]
##   } else {
##      send_msg_id Add_Wave-1 WARNING "No top level signals found. Simulator will start without a wave window. If you want to open a wave window go to 'File->New Waveform Configuration' or type 'create_wave_config' in the TCL console."
##   }
## }
## run 20us
 Block Memory Generator module loading initial data...
 Block Memory Generator data initialization complete.
Block Memory Generator module tb_riscv.dut.mem.inst.native_mem_mapped_module.blk_mem_gen_v8_4_12_inst is using a behavioral model for simulation which will not precisely model memory collision behavior.
INFO: [USF-XSim-96] XSim completed. Design snapshot 'tb_riscv_behav' loaded.
INFO: [USF-XSim-97] XSim simulation ran for 20us
launch_simulation: Time (s): cpu = 00:00:00 ; elapsed = 00:00:06 . Memory (MB): peak = 561.633 ; gain = 0.000
--- Verilog: Test Passed (Write 1 to tohost) ---
$stop called at time : 23090333 ps : File "E:/Projects/RISC-V_CPU/Pipelined_Processor/tb/tb_riscv.v" Line 98
  -> PASS
Running Test: rv32ui-p-lh.hex ...
INFO: [Simtcl 6-16] Simulation closed
Command: launch_simulation 
INFO: [Vivado 12-25911] Executing simulation for 'XSim' simulator
INFO: [Vivado 12-28535] Process started - Mon Jan  5 15:01:06 2026

INFO: [Vivado 12-12493] Simulation top is 'tb_riscv'
INFO: [Vivado 12-5698] Checking validity of IPs in the design for the 'XSim' simulator...
INFO: [Vivado 12-5682] Launching behavioral simulation in 'E:/Projects/FPGA/Pipelined_Processor/Pipelined_Processor.sim/sim_1/behav/xsim'
INFO: [Vivado 12-13660] Precompiled IP simulation library mode is enabled (default). The design IP libraries will be referenced from the compiled library path. Please note that if the precompiled version of the library is not found from the path or the IP is in locked state, then the library source files for these IPs will be compiled locally as part of the compile order.
INFO: [Vivado 12-4795] Using compiled simulation libraries for IPs
INFO: [SIM-utils-51] Simulation object is 'sim_1'
INFO: [SIM-utils-72] Using boost library from 'D:/AMDDesignTools/2025.2/Vivado/tps/boost_1_72_0'
INFO: [USF-XSim-7] Finding pre-compiled libraries...
INFO: [USF-XSim-11] File 'D:/AMDDesignTools/2025.2/Vivado/data/xsim/xsim.ini' copied to run dir:'E:/Projects/FPGA/Pipelined_Processor/Pipelined_Processor.sim/sim_1/behav/xsim'
INFO: [SIM-utils-54] Inspecting design source files for 'tb_riscv' in fileset 'sim_1'...
INFO: [SIM-utils-43] Exported 'E:/Projects/FPGA/Pipelined_Processor/Pipelined_Processor.sim/sim_1/behav/xsim/RAM.mif'
INFO: [SIM-utils-43] Exported 'E:/Projects/FPGA/Pipelined_Processor/Pipelined_Processor.sim/sim_1/behav/xsim/main.coe'
INFO: [SIM-utils-43] Exported 'E:/Projects/FPGA/Pipelined_Processor/Pipelined_Processor.sim/sim_1/behav/xsim/current_test.hex'
INFO: [USF-XSim-97] Finding global include files...
INFO: [USF-XSim-100] Fetching design files from 'sources_1'...(this may take a while)...
INFO: [USF-XSim-101] Fetching design files from 'sim_1'...
INFO: [USF-XSim-2] XSim::Compile design
INFO: [USF-XSim-61] Executing 'COMPILE and ANALYZE' step in 'E:/Projects/FPGA/Pipelined_Processor/Pipelined_Processor.sim/sim_1/behav/xsim'
"xvlog --incr --relax -prj tb_riscv_vlog.prj"
"xvhdl --incr --relax -prj tb_riscv_vhdl.prj"
INFO: [USF-XSim-69] 'compile' step finished in '3' seconds
INFO: [USF-XSim-3] XSim::Elaborate design
INFO: [USF-XSim-61] Executing 'ELABORATE' step in 'E:/Projects/FPGA/Pipelined_Processor/Pipelined_Processor.sim/sim_1/behav/xsim'
"xelab --incr --debug typical --relax --mt 2 -L xil_defaultlib -L blk_mem_gen_v8_4_12 -L axi_lite_ipif_v3_0_4 -L axi_uartlite_v2_0_39 -L unisims_ver -L unimacro_ver -L secureip -L xpm --snapshot tb_riscv_behav xil_defaultlib.tb_riscv xil_defaultlib.glbl -log elaborate.log"
Vivado Simulator v2025.2
Copyright 1986-2022 Xilinx, Inc. All Rights Reserved.
Copyright 2022-2025 Advanced Micro Devices, Inc. All Rights Reserved.
Running: D:/AMDDesignTools/2025.2/Vivado/bin/unwrapped/win64.o/xelab.exe --incr --debug typical --relax --mt 2 -L xil_defaultlib -L blk_mem_gen_v8_4_12 -L axi_lite_ipif_v3_0_4 -L axi_uartlite_v2_0_39 -L unisims_ver -L unimacro_ver -L secureip -L xpm --snapshot tb_riscv_behav xil_defaultlib.tb_riscv xil_defaultlib.glbl -log elaborate.log 
Using 2 slave threads.
Starting static elaboration
Pass Through NonSizing Optimizer
Completed static elaboration
INFO: [XSIM 43-4323] No Change in HDL. Linking previously generated obj files to create kernel
INFO: [USF-XSim-69] 'elaborate' step finished in '1' seconds
INFO: [USF-XSim-4] XSim::Simulate design
INFO: [USF-XSim-61] Executing 'SIMULATE' step in 'E:/Projects/FPGA/Pipelined_Processor/Pipelined_Processor.sim/sim_1/behav/xsim'
INFO: [USF-XSim-98] *** Running xsim
   with args "tb_riscv_behav -key {Behavioral:sim_1:Functional:tb_riscv} -tclbatch {tb_riscv.tcl} -view {E:/Projects/FPGA/Pipelined_Processor/Pipelined_Processor.sim/tb_riscv_behav.wcfg} -log {simulate.log}"
INFO: [USF-XSim-8] Loading simulator feature
Time resolution is 1 ps
open_wave_config E:/Projects/FPGA/Pipelined_Processor/Pipelined_Processor.sim/tb_riscv_behav.wcfg
source tb_riscv.tcl
## set curr_wave [current_wave_config]
## if { [string length $curr_wave] == 0 } {
##   if { [llength [get_objects]] > 0} {
##     add_wave /
##     set_property needs_save false [current_wave_config]
##   } else {
##      send_msg_id Add_Wave-1 WARNING "No top level signals found. Simulator will start without a wave window. If you want to open a wave window go to 'File->New Waveform Configuration' or type 'create_wave_config' in the TCL console."
##   }
## }
## run 20us
 Block Memory Generator module loading initial data...
 Block Memory Generator data initialization complete.
Block Memory Generator module tb_riscv.dut.mem.inst.native_mem_mapped_module.blk_mem_gen_v8_4_12_inst is using a behavioral model for simulation which will not precisely model memory collision behavior.
--- Verilog: Test Passed (Write 1 to tohost) ---
$stop called at time : 7145888 ps : File "E:/Projects/RISC-V_CPU/Pipelined_Processor/tb/tb_riscv.v" Line 98
INFO: [USF-XSim-96] XSim completed. Design snapshot 'tb_riscv_behav' loaded.
INFO: [USF-XSim-97] XSim simulation ran for 20us
launch_simulation: Time (s): cpu = 00:00:01 ; elapsed = 00:00:06 . Memory (MB): peak = 561.633 ; gain = 0.000
--- Verilog: Test Passed (Write 1 to tohost) ---
$stop called at time : 7256999 ps : File "E:/Projects/RISC-V_CPU/Pipelined_Processor/tb/tb_riscv.v" Line 98
  -> PASS
Running Test: rv32ui-p-lhu.hex ...
INFO: [Simtcl 6-16] Simulation closed
Command: launch_simulation 
INFO: [Vivado 12-25911] Executing simulation for 'XSim' simulator
INFO: [Vivado 12-28535] Process started - Mon Jan  5 15:01:13 2026

INFO: [Vivado 12-12493] Simulation top is 'tb_riscv'
INFO: [Vivado 12-5698] Checking validity of IPs in the design for the 'XSim' simulator...
INFO: [Vivado 12-5682] Launching behavioral simulation in 'E:/Projects/FPGA/Pipelined_Processor/Pipelined_Processor.sim/sim_1/behav/xsim'
INFO: [Vivado 12-13660] Precompiled IP simulation library mode is enabled (default). The design IP libraries will be referenced from the compiled library path. Please note that if the precompiled version of the library is not found from the path or the IP is in locked state, then the library source files for these IPs will be compiled locally as part of the compile order.
INFO: [Vivado 12-4795] Using compiled simulation libraries for IPs
INFO: [SIM-utils-51] Simulation object is 'sim_1'
INFO: [SIM-utils-72] Using boost library from 'D:/AMDDesignTools/2025.2/Vivado/tps/boost_1_72_0'
INFO: [USF-XSim-7] Finding pre-compiled libraries...
INFO: [USF-XSim-11] File 'D:/AMDDesignTools/2025.2/Vivado/data/xsim/xsim.ini' copied to run dir:'E:/Projects/FPGA/Pipelined_Processor/Pipelined_Processor.sim/sim_1/behav/xsim'
INFO: [SIM-utils-54] Inspecting design source files for 'tb_riscv' in fileset 'sim_1'...
INFO: [SIM-utils-43] Exported 'E:/Projects/FPGA/Pipelined_Processor/Pipelined_Processor.sim/sim_1/behav/xsim/RAM.mif'
INFO: [SIM-utils-43] Exported 'E:/Projects/FPGA/Pipelined_Processor/Pipelined_Processor.sim/sim_1/behav/xsim/main.coe'
INFO: [SIM-utils-43] Exported 'E:/Projects/FPGA/Pipelined_Processor/Pipelined_Processor.sim/sim_1/behav/xsim/current_test.hex'
INFO: [USF-XSim-97] Finding global include files...
INFO: [USF-XSim-100] Fetching design files from 'sources_1'...(this may take a while)...
INFO: [USF-XSim-101] Fetching design files from 'sim_1'...
INFO: [USF-XSim-2] XSim::Compile design
INFO: [USF-XSim-61] Executing 'COMPILE and ANALYZE' step in 'E:/Projects/FPGA/Pipelined_Processor/Pipelined_Processor.sim/sim_1/behav/xsim'
"xvlog --incr --relax -prj tb_riscv_vlog.prj"
"xvhdl --incr --relax -prj tb_riscv_vhdl.prj"
INFO: [USF-XSim-69] 'compile' step finished in '2' seconds
INFO: [USF-XSim-3] XSim::Elaborate design
INFO: [USF-XSim-61] Executing 'ELABORATE' step in 'E:/Projects/FPGA/Pipelined_Processor/Pipelined_Processor.sim/sim_1/behav/xsim'
"xelab --incr --debug typical --relax --mt 2 -L xil_defaultlib -L blk_mem_gen_v8_4_12 -L axi_lite_ipif_v3_0_4 -L axi_uartlite_v2_0_39 -L unisims_ver -L unimacro_ver -L secureip -L xpm --snapshot tb_riscv_behav xil_defaultlib.tb_riscv xil_defaultlib.glbl -log elaborate.log"
Vivado Simulator v2025.2
Copyright 1986-2022 Xilinx, Inc. All Rights Reserved.
Copyright 2022-2025 Advanced Micro Devices, Inc. All Rights Reserved.
Running: D:/AMDDesignTools/2025.2/Vivado/bin/unwrapped/win64.o/xelab.exe --incr --debug typical --relax --mt 2 -L xil_defaultlib -L blk_mem_gen_v8_4_12 -L axi_lite_ipif_v3_0_4 -L axi_uartlite_v2_0_39 -L unisims_ver -L unimacro_ver -L secureip -L xpm --snapshot tb_riscv_behav xil_defaultlib.tb_riscv xil_defaultlib.glbl -log elaborate.log 
Using 2 slave threads.
Starting static elaboration
Pass Through NonSizing Optimizer
Completed static elaboration
INFO: [XSIM 43-4323] No Change in HDL. Linking previously generated obj files to create kernel
INFO: [USF-XSim-69] 'elaborate' step finished in '1' seconds
INFO: [USF-XSim-4] XSim::Simulate design
INFO: [USF-XSim-61] Executing 'SIMULATE' step in 'E:/Projects/FPGA/Pipelined_Processor/Pipelined_Processor.sim/sim_1/behav/xsim'
INFO: [USF-XSim-98] *** Running xsim
   with args "tb_riscv_behav -key {Behavioral:sim_1:Functional:tb_riscv} -tclbatch {tb_riscv.tcl} -view {E:/Projects/FPGA/Pipelined_Processor/Pipelined_Processor.sim/tb_riscv_behav.wcfg} -log {simulate.log}"
INFO: [USF-XSim-8] Loading simulator feature
Time resolution is 1 ps
open_wave_config E:/Projects/FPGA/Pipelined_Processor/Pipelined_Processor.sim/tb_riscv_behav.wcfg
source tb_riscv.tcl
## set curr_wave [current_wave_config]
## if { [string length $curr_wave] == 0 } {
##   if { [llength [get_objects]] > 0} {
##     add_wave /
##     set_property needs_save false [current_wave_config]
##   } else {
##      send_msg_id Add_Wave-1 WARNING "No top level signals found. Simulator will start without a wave window. If you want to open a wave window go to 'File->New Waveform Configuration' or type 'create_wave_config' in the TCL console."
##   }
## }
## run 20us
 Block Memory Generator module loading initial data...
 Block Memory Generator data initialization complete.
Block Memory Generator module tb_riscv.dut.mem.inst.native_mem_mapped_module.blk_mem_gen_v8_4_12_inst is using a behavioral model for simulation which will not precisely model memory collision behavior.
--- Verilog: Test Passed (Write 1 to tohost) ---
$stop called at time : 7201444 ps : File "E:/Projects/RISC-V_CPU/Pipelined_Processor/tb/tb_riscv.v" Line 98
INFO: [USF-XSim-96] XSim completed. Design snapshot 'tb_riscv_behav' loaded.
INFO: [USF-XSim-97] XSim simulation ran for 20us
launch_simulation: Time (s): cpu = 00:00:01 ; elapsed = 00:00:06 . Memory (MB): peak = 561.633 ; gain = 0.000
--- Verilog: Test Passed (Write 1 to tohost) ---
$stop called at time : 7312555 ps : File "E:/Projects/RISC-V_CPU/Pipelined_Processor/tb/tb_riscv.v" Line 98
  -> PASS
Running Test: rv32ui-p-lui.hex ...
INFO: [Simtcl 6-16] Simulation closed
Command: launch_simulation 
INFO: [Vivado 12-25911] Executing simulation for 'XSim' simulator
INFO: [Vivado 12-28535] Process started - Mon Jan  5 15:01:20 2026

INFO: [Vivado 12-12493] Simulation top is 'tb_riscv'
INFO: [Vivado 12-5698] Checking validity of IPs in the design for the 'XSim' simulator...
INFO: [Vivado 12-5682] Launching behavioral simulation in 'E:/Projects/FPGA/Pipelined_Processor/Pipelined_Processor.sim/sim_1/behav/xsim'
INFO: [Vivado 12-13660] Precompiled IP simulation library mode is enabled (default). The design IP libraries will be referenced from the compiled library path. Please note that if the precompiled version of the library is not found from the path or the IP is in locked state, then the library source files for these IPs will be compiled locally as part of the compile order.
INFO: [Vivado 12-4795] Using compiled simulation libraries for IPs
INFO: [SIM-utils-51] Simulation object is 'sim_1'
INFO: [SIM-utils-72] Using boost library from 'D:/AMDDesignTools/2025.2/Vivado/tps/boost_1_72_0'
INFO: [USF-XSim-7] Finding pre-compiled libraries...
INFO: [USF-XSim-11] File 'D:/AMDDesignTools/2025.2/Vivado/data/xsim/xsim.ini' copied to run dir:'E:/Projects/FPGA/Pipelined_Processor/Pipelined_Processor.sim/sim_1/behav/xsim'
INFO: [SIM-utils-54] Inspecting design source files for 'tb_riscv' in fileset 'sim_1'...
INFO: [SIM-utils-43] Exported 'E:/Projects/FPGA/Pipelined_Processor/Pipelined_Processor.sim/sim_1/behav/xsim/RAM.mif'
INFO: [SIM-utils-43] Exported 'E:/Projects/FPGA/Pipelined_Processor/Pipelined_Processor.sim/sim_1/behav/xsim/main.coe'
INFO: [SIM-utils-43] Exported 'E:/Projects/FPGA/Pipelined_Processor/Pipelined_Processor.sim/sim_1/behav/xsim/current_test.hex'
INFO: [USF-XSim-97] Finding global include files...
INFO: [USF-XSim-100] Fetching design files from 'sources_1'...(this may take a while)...
INFO: [USF-XSim-101] Fetching design files from 'sim_1'...
INFO: [USF-XSim-2] XSim::Compile design
INFO: [USF-XSim-61] Executing 'COMPILE and ANALYZE' step in 'E:/Projects/FPGA/Pipelined_Processor/Pipelined_Processor.sim/sim_1/behav/xsim'
"xvlog --incr --relax -prj tb_riscv_vlog.prj"
"xvhdl --incr --relax -prj tb_riscv_vhdl.prj"
INFO: [USF-XSim-69] 'compile' step finished in '2' seconds
INFO: [USF-XSim-3] XSim::Elaborate design
INFO: [USF-XSim-61] Executing 'ELABORATE' step in 'E:/Projects/FPGA/Pipelined_Processor/Pipelined_Processor.sim/sim_1/behav/xsim'
"xelab --incr --debug typical --relax --mt 2 -L xil_defaultlib -L blk_mem_gen_v8_4_12 -L axi_lite_ipif_v3_0_4 -L axi_uartlite_v2_0_39 -L unisims_ver -L unimacro_ver -L secureip -L xpm --snapshot tb_riscv_behav xil_defaultlib.tb_riscv xil_defaultlib.glbl -log elaborate.log"
Vivado Simulator v2025.2
Copyright 1986-2022 Xilinx, Inc. All Rights Reserved.
Copyright 2022-2025 Advanced Micro Devices, Inc. All Rights Reserved.
Running: D:/AMDDesignTools/2025.2/Vivado/bin/unwrapped/win64.o/xelab.exe --incr --debug typical --relax --mt 2 -L xil_defaultlib -L blk_mem_gen_v8_4_12 -L axi_lite_ipif_v3_0_4 -L axi_uartlite_v2_0_39 -L unisims_ver -L unimacro_ver -L secureip -L xpm --snapshot tb_riscv_behav xil_defaultlib.tb_riscv xil_defaultlib.glbl -log elaborate.log 
Using 2 slave threads.
Starting static elaboration
Pass Through NonSizing Optimizer
Completed static elaboration
INFO: [XSIM 43-4323] No Change in HDL. Linking previously generated obj files to create kernel
INFO: [USF-XSim-69] 'elaborate' step finished in '2' seconds
INFO: [USF-XSim-4] XSim::Simulate design
INFO: [USF-XSim-61] Executing 'SIMULATE' step in 'E:/Projects/FPGA/Pipelined_Processor/Pipelined_Processor.sim/sim_1/behav/xsim'
INFO: [USF-XSim-98] *** Running xsim
   with args "tb_riscv_behav -key {Behavioral:sim_1:Functional:tb_riscv} -tclbatch {tb_riscv.tcl} -view {E:/Projects/FPGA/Pipelined_Processor/Pipelined_Processor.sim/tb_riscv_behav.wcfg} -log {simulate.log}"
INFO: [USF-XSim-8] Loading simulator feature
Time resolution is 1 ps
open_wave_config E:/Projects/FPGA/Pipelined_Processor/Pipelined_Processor.sim/tb_riscv_behav.wcfg
source tb_riscv.tcl
## set curr_wave [current_wave_config]
## if { [string length $curr_wave] == 0 } {
##   if { [llength [get_objects]] > 0} {
##     add_wave /
##     set_property needs_save false [current_wave_config]
##   } else {
##      send_msg_id Add_Wave-1 WARNING "No top level signals found. Simulator will start without a wave window. If you want to open a wave window go to 'File->New Waveform Configuration' or type 'create_wave_config' in the TCL console."
##   }
## }
## run 20us
 Block Memory Generator module loading initial data...
 Block Memory Generator data initialization complete.
Block Memory Generator module tb_riscv.dut.mem.inst.native_mem_mapped_module.blk_mem_gen_v8_4_12_inst is using a behavioral model for simulation which will not precisely model memory collision behavior.
--- Verilog: Test Passed (Write 1 to tohost) ---
$stop called at time : 3493110 ps : File "E:/Projects/RISC-V_CPU/Pipelined_Processor/tb/tb_riscv.v" Line 98
INFO: [USF-XSim-96] XSim completed. Design snapshot 'tb_riscv_behav' loaded.
INFO: [USF-XSim-97] XSim simulation ran for 20us
launch_simulation: Time (s): cpu = 00:00:00 ; elapsed = 00:00:06 . Memory (MB): peak = 561.633 ; gain = 0.000
--- Verilog: Test Passed (Write 1 to tohost) ---
$stop called at time : 3604221 ps : File "E:/Projects/RISC-V_CPU/Pipelined_Processor/tb/tb_riscv.v" Line 98
  -> PASS
Running Test: rv32ui-p-lw.hex ...
INFO: [Simtcl 6-16] Simulation closed
Command: launch_simulation 
INFO: [Vivado 12-25911] Executing simulation for 'XSim' simulator
INFO: [Vivado 12-28535] Process started - Mon Jan  5 15:01:27 2026

INFO: [Vivado 12-12493] Simulation top is 'tb_riscv'
INFO: [Vivado 12-5698] Checking validity of IPs in the design for the 'XSim' simulator...
INFO: [Vivado 12-5682] Launching behavioral simulation in 'E:/Projects/FPGA/Pipelined_Processor/Pipelined_Processor.sim/sim_1/behav/xsim'
INFO: [Vivado 12-13660] Precompiled IP simulation library mode is enabled (default). The design IP libraries will be referenced from the compiled library path. Please note that if the precompiled version of the library is not found from the path or the IP is in locked state, then the library source files for these IPs will be compiled locally as part of the compile order.
INFO: [Vivado 12-4795] Using compiled simulation libraries for IPs
INFO: [SIM-utils-51] Simulation object is 'sim_1'
INFO: [SIM-utils-72] Using boost library from 'D:/AMDDesignTools/2025.2/Vivado/tps/boost_1_72_0'
INFO: [USF-XSim-7] Finding pre-compiled libraries...
INFO: [USF-XSim-11] File 'D:/AMDDesignTools/2025.2/Vivado/data/xsim/xsim.ini' copied to run dir:'E:/Projects/FPGA/Pipelined_Processor/Pipelined_Processor.sim/sim_1/behav/xsim'
INFO: [SIM-utils-54] Inspecting design source files for 'tb_riscv' in fileset 'sim_1'...
INFO: [SIM-utils-43] Exported 'E:/Projects/FPGA/Pipelined_Processor/Pipelined_Processor.sim/sim_1/behav/xsim/RAM.mif'
INFO: [SIM-utils-43] Exported 'E:/Projects/FPGA/Pipelined_Processor/Pipelined_Processor.sim/sim_1/behav/xsim/main.coe'
INFO: [SIM-utils-43] Exported 'E:/Projects/FPGA/Pipelined_Processor/Pipelined_Processor.sim/sim_1/behav/xsim/current_test.hex'
INFO: [USF-XSim-97] Finding global include files...
INFO: [USF-XSim-100] Fetching design files from 'sources_1'...(this may take a while)...
INFO: [USF-XSim-101] Fetching design files from 'sim_1'...
INFO: [USF-XSim-2] XSim::Compile design
INFO: [USF-XSim-61] Executing 'COMPILE and ANALYZE' step in 'E:/Projects/FPGA/Pipelined_Processor/Pipelined_Processor.sim/sim_1/behav/xsim'
"xvlog --incr --relax -prj tb_riscv_vlog.prj"
"xvhdl --incr --relax -prj tb_riscv_vhdl.prj"
INFO: [USF-XSim-69] 'compile' step finished in '2' seconds
INFO: [USF-XSim-3] XSim::Elaborate design
INFO: [USF-XSim-61] Executing 'ELABORATE' step in 'E:/Projects/FPGA/Pipelined_Processor/Pipelined_Processor.sim/sim_1/behav/xsim'
"xelab --incr --debug typical --relax --mt 2 -L xil_defaultlib -L blk_mem_gen_v8_4_12 -L axi_lite_ipif_v3_0_4 -L axi_uartlite_v2_0_39 -L unisims_ver -L unimacro_ver -L secureip -L xpm --snapshot tb_riscv_behav xil_defaultlib.tb_riscv xil_defaultlib.glbl -log elaborate.log"
Vivado Simulator v2025.2
Copyright 1986-2022 Xilinx, Inc. All Rights Reserved.
Copyright 2022-2025 Advanced Micro Devices, Inc. All Rights Reserved.
Running: D:/AMDDesignTools/2025.2/Vivado/bin/unwrapped/win64.o/xelab.exe --incr --debug typical --relax --mt 2 -L xil_defaultlib -L blk_mem_gen_v8_4_12 -L axi_lite_ipif_v3_0_4 -L axi_uartlite_v2_0_39 -L unisims_ver -L unimacro_ver -L secureip -L xpm --snapshot tb_riscv_behav xil_defaultlib.tb_riscv xil_defaultlib.glbl -log elaborate.log 
Using 2 slave threads.
Starting static elaboration
Pass Through NonSizing Optimizer
Completed static elaboration
INFO: [XSIM 43-4323] No Change in HDL. Linking previously generated obj files to create kernel
INFO: [USF-XSim-69] 'elaborate' step finished in '2' seconds
INFO: [USF-XSim-4] XSim::Simulate design
INFO: [USF-XSim-61] Executing 'SIMULATE' step in 'E:/Projects/FPGA/Pipelined_Processor/Pipelined_Processor.sim/sim_1/behav/xsim'
INFO: [USF-XSim-98] *** Running xsim
   with args "tb_riscv_behav -key {Behavioral:sim_1:Functional:tb_riscv} -tclbatch {tb_riscv.tcl} -view {E:/Projects/FPGA/Pipelined_Processor/Pipelined_Processor.sim/tb_riscv_behav.wcfg} -log {simulate.log}"
INFO: [USF-XSim-8] Loading simulator feature
Time resolution is 1 ps
open_wave_config E:/Projects/FPGA/Pipelined_Processor/Pipelined_Processor.sim/tb_riscv_behav.wcfg
source tb_riscv.tcl
## set curr_wave [current_wave_config]
## if { [string length $curr_wave] == 0 } {
##   if { [llength [get_objects]] > 0} {
##     add_wave /
##     set_property needs_save false [current_wave_config]
##   } else {
##      send_msg_id Add_Wave-1 WARNING "No top level signals found. Simulator will start without a wave window. If you want to open a wave window go to 'File->New Waveform Configuration' or type 'create_wave_config' in the TCL console."
##   }
## }
## run 20us
 Block Memory Generator module loading initial data...
 Block Memory Generator data initialization complete.
Block Memory Generator module tb_riscv.dut.mem.inst.native_mem_mapped_module.blk_mem_gen_v8_4_12_inst is using a behavioral model for simulation which will not precisely model memory collision behavior.
--- Verilog: Test Passed (Write 1 to tohost) ---
$stop called at time : 7229221 ps : File "E:/Projects/RISC-V_CPU/Pipelined_Processor/tb/tb_riscv.v" Line 98
INFO: [USF-XSim-96] XSim completed. Design snapshot 'tb_riscv_behav' loaded.
INFO: [USF-XSim-97] XSim simulation ran for 20us
launch_simulation: Time (s): cpu = 00:00:00 ; elapsed = 00:00:06 . Memory (MB): peak = 561.633 ; gain = 0.000
--- Verilog: Test Passed (Write 1 to tohost) ---
$stop called at time : 7340332 ps : File "E:/Projects/RISC-V_CPU/Pipelined_Processor/tb/tb_riscv.v" Line 98
  -> PASS
Running Test: rv32ui-p-ma_data.hex ...
INFO: [Simtcl 6-16] Simulation closed
Command: launch_simulation 
INFO: [Vivado 12-25911] Executing simulation for 'XSim' simulator
INFO: [Vivado 12-28535] Process started - Mon Jan  5 15:01:34 2026

INFO: [Vivado 12-12493] Simulation top is 'tb_riscv'
INFO: [Vivado 12-5698] Checking validity of IPs in the design for the 'XSim' simulator...
INFO: [Vivado 12-5682] Launching behavioral simulation in 'E:/Projects/FPGA/Pipelined_Processor/Pipelined_Processor.sim/sim_1/behav/xsim'
INFO: [Vivado 12-13660] Precompiled IP simulation library mode is enabled (default). The design IP libraries will be referenced from the compiled library path. Please note that if the precompiled version of the library is not found from the path or the IP is in locked state, then the library source files for these IPs will be compiled locally as part of the compile order.
INFO: [Vivado 12-4795] Using compiled simulation libraries for IPs
INFO: [SIM-utils-51] Simulation object is 'sim_1'
INFO: [SIM-utils-72] Using boost library from 'D:/AMDDesignTools/2025.2/Vivado/tps/boost_1_72_0'
INFO: [USF-XSim-7] Finding pre-compiled libraries...
INFO: [USF-XSim-11] File 'D:/AMDDesignTools/2025.2/Vivado/data/xsim/xsim.ini' copied to run dir:'E:/Projects/FPGA/Pipelined_Processor/Pipelined_Processor.sim/sim_1/behav/xsim'
INFO: [SIM-utils-54] Inspecting design source files for 'tb_riscv' in fileset 'sim_1'...
INFO: [SIM-utils-43] Exported 'E:/Projects/FPGA/Pipelined_Processor/Pipelined_Processor.sim/sim_1/behav/xsim/RAM.mif'
INFO: [SIM-utils-43] Exported 'E:/Projects/FPGA/Pipelined_Processor/Pipelined_Processor.sim/sim_1/behav/xsim/main.coe'
INFO: [SIM-utils-43] Exported 'E:/Projects/FPGA/Pipelined_Processor/Pipelined_Processor.sim/sim_1/behav/xsim/current_test.hex'
INFO: [USF-XSim-97] Finding global include files...
INFO: [USF-XSim-100] Fetching design files from 'sources_1'...(this may take a while)...
INFO: [USF-XSim-101] Fetching design files from 'sim_1'...
INFO: [USF-XSim-2] XSim::Compile design
INFO: [USF-XSim-61] Executing 'COMPILE and ANALYZE' step in 'E:/Projects/FPGA/Pipelined_Processor/Pipelined_Processor.sim/sim_1/behav/xsim'
"xvlog --incr --relax -prj tb_riscv_vlog.prj"
"xvhdl --incr --relax -prj tb_riscv_vhdl.prj"
INFO: [USF-XSim-69] 'compile' step finished in '3' seconds
INFO: [USF-XSim-3] XSim::Elaborate design
INFO: [USF-XSim-61] Executing 'ELABORATE' step in 'E:/Projects/FPGA/Pipelined_Processor/Pipelined_Processor.sim/sim_1/behav/xsim'
"xelab --incr --debug typical --relax --mt 2 -L xil_defaultlib -L blk_mem_gen_v8_4_12 -L axi_lite_ipif_v3_0_4 -L axi_uartlite_v2_0_39 -L unisims_ver -L unimacro_ver -L secureip -L xpm --snapshot tb_riscv_behav xil_defaultlib.tb_riscv xil_defaultlib.glbl -log elaborate.log"
Vivado Simulator v2025.2
Copyright 1986-2022 Xilinx, Inc. All Rights Reserved.
Copyright 2022-2025 Advanced Micro Devices, Inc. All Rights Reserved.
Running: D:/AMDDesignTools/2025.2/Vivado/bin/unwrapped/win64.o/xelab.exe --incr --debug typical --relax --mt 2 -L xil_defaultlib -L blk_mem_gen_v8_4_12 -L axi_lite_ipif_v3_0_4 -L axi_uartlite_v2_0_39 -L unisims_ver -L unimacro_ver -L secureip -L xpm --snapshot tb_riscv_behav xil_defaultlib.tb_riscv xil_defaultlib.glbl -log elaborate.log 
Using 2 slave threads.
Starting static elaboration
Pass Through NonSizing Optimizer
Completed static elaboration
INFO: [XSIM 43-4323] No Change in HDL. Linking previously generated obj files to create kernel
INFO: [USF-XSim-69] 'elaborate' step finished in '2' seconds
INFO: [USF-XSim-4] XSim::Simulate design
INFO: [USF-XSim-61] Executing 'SIMULATE' step in 'E:/Projects/FPGA/Pipelined_Processor/Pipelined_Processor.sim/sim_1/behav/xsim'
INFO: [USF-XSim-98] *** Running xsim
   with args "tb_riscv_behav -key {Behavioral:sim_1:Functional:tb_riscv} -tclbatch {tb_riscv.tcl} -view {E:/Projects/FPGA/Pipelined_Processor/Pipelined_Processor.sim/tb_riscv_behav.wcfg} -log {simulate.log}"
INFO: [USF-XSim-8] Loading simulator feature
Time resolution is 1 ps
open_wave_config E:/Projects/FPGA/Pipelined_Processor/Pipelined_Processor.sim/tb_riscv_behav.wcfg
source tb_riscv.tcl
## set curr_wave [current_wave_config]
## if { [string length $curr_wave] == 0 } {
##   if { [llength [get_objects]] > 0} {
##     add_wave /
##     set_property needs_save false [current_wave_config]
##   } else {
##      send_msg_id Add_Wave-1 WARNING "No top level signals found. Simulator will start without a wave window. If you want to open a wave window go to 'File->New Waveform Configuration' or type 'create_wave_config' in the TCL console."
##   }
## }
## run 20us
 Block Memory Generator module loading initial data...
 Block Memory Generator data initialization complete.
Block Memory Generator module tb_riscv.dut.mem.inst.native_mem_mapped_module.blk_mem_gen_v8_4_12_inst is using a behavioral model for simulation which will not precisely model memory collision behavior.
--- Verilog: Test Failed (Write 00000539 to tohost) ---
$stop called at time : 3270888 ps : File "E:/Projects/RISC-V_CPU/Pipelined_Processor/tb/tb_riscv.v" Line 98
INFO: [USF-XSim-96] XSim completed. Design snapshot 'tb_riscv_behav' loaded.
INFO: [USF-XSim-97] XSim simulation ran for 20us
launch_simulation: Time (s): cpu = 00:00:01 ; elapsed = 00:00:06 . Memory (MB): peak = 561.633 ; gain = 0.000
--- Verilog: Test Failed (Write 00000539 to tohost) ---
$stop called at time : 3381999 ps : File "E:/Projects/RISC-V_CPU/Pipelined_Processor/tb/tb_riscv.v" Line 98
  -> FAIL (Verilog detected error value: 1337)
Running Test: rv32ui-p-or.hex ...
INFO: [Simtcl 6-16] Simulation closed
Command: launch_simulation 
INFO: [Vivado 12-25911] Executing simulation for 'XSim' simulator
INFO: [Vivado 12-28535] Process started - Mon Jan  5 15:01:40 2026

INFO: [Vivado 12-12493] Simulation top is 'tb_riscv'
INFO: [Vivado 12-5698] Checking validity of IPs in the design for the 'XSim' simulator...
INFO: [Vivado 12-5682] Launching behavioral simulation in 'E:/Projects/FPGA/Pipelined_Processor/Pipelined_Processor.sim/sim_1/behav/xsim'
INFO: [Vivado 12-13660] Precompiled IP simulation library mode is enabled (default). The design IP libraries will be referenced from the compiled library path. Please note that if the precompiled version of the library is not found from the path or the IP is in locked state, then the library source files for these IPs will be compiled locally as part of the compile order.
INFO: [Vivado 12-4795] Using compiled simulation libraries for IPs
INFO: [SIM-utils-51] Simulation object is 'sim_1'
INFO: [SIM-utils-72] Using boost library from 'D:/AMDDesignTools/2025.2/Vivado/tps/boost_1_72_0'
INFO: [USF-XSim-7] Finding pre-compiled libraries...
INFO: [USF-XSim-11] File 'D:/AMDDesignTools/2025.2/Vivado/data/xsim/xsim.ini' copied to run dir:'E:/Projects/FPGA/Pipelined_Processor/Pipelined_Processor.sim/sim_1/behav/xsim'
INFO: [SIM-utils-54] Inspecting design source files for 'tb_riscv' in fileset 'sim_1'...
INFO: [SIM-utils-43] Exported 'E:/Projects/FPGA/Pipelined_Processor/Pipelined_Processor.sim/sim_1/behav/xsim/RAM.mif'
INFO: [SIM-utils-43] Exported 'E:/Projects/FPGA/Pipelined_Processor/Pipelined_Processor.sim/sim_1/behav/xsim/main.coe'
INFO: [SIM-utils-43] Exported 'E:/Projects/FPGA/Pipelined_Processor/Pipelined_Processor.sim/sim_1/behav/xsim/current_test.hex'
INFO: [USF-XSim-97] Finding global include files...
INFO: [USF-XSim-100] Fetching design files from 'sources_1'...(this may take a while)...
INFO: [USF-XSim-101] Fetching design files from 'sim_1'...
INFO: [USF-XSim-2] XSim::Compile design
INFO: [USF-XSim-61] Executing 'COMPILE and ANALYZE' step in 'E:/Projects/FPGA/Pipelined_Processor/Pipelined_Processor.sim/sim_1/behav/xsim'
"xvlog --incr --relax -prj tb_riscv_vlog.prj"
"xvhdl --incr --relax -prj tb_riscv_vhdl.prj"
INFO: [USF-XSim-69] 'compile' step finished in '3' seconds
INFO: [USF-XSim-3] XSim::Elaborate design
INFO: [USF-XSim-61] Executing 'ELABORATE' step in 'E:/Projects/FPGA/Pipelined_Processor/Pipelined_Processor.sim/sim_1/behav/xsim'
"xelab --incr --debug typical --relax --mt 2 -L xil_defaultlib -L blk_mem_gen_v8_4_12 -L axi_lite_ipif_v3_0_4 -L axi_uartlite_v2_0_39 -L unisims_ver -L unimacro_ver -L secureip -L xpm --snapshot tb_riscv_behav xil_defaultlib.tb_riscv xil_defaultlib.glbl -log elaborate.log"
Vivado Simulator v2025.2
Copyright 1986-2022 Xilinx, Inc. All Rights Reserved.
Copyright 2022-2025 Advanced Micro Devices, Inc. All Rights Reserved.
Running: D:/AMDDesignTools/2025.2/Vivado/bin/unwrapped/win64.o/xelab.exe --incr --debug typical --relax --mt 2 -L xil_defaultlib -L blk_mem_gen_v8_4_12 -L axi_lite_ipif_v3_0_4 -L axi_uartlite_v2_0_39 -L unisims_ver -L unimacro_ver -L secureip -L xpm --snapshot tb_riscv_behav xil_defaultlib.tb_riscv xil_defaultlib.glbl -log elaborate.log 
Using 2 slave threads.
Starting static elaboration
Pass Through NonSizing Optimizer
Completed static elaboration
INFO: [XSIM 43-4323] No Change in HDL. Linking previously generated obj files to create kernel
INFO: [USF-XSim-69] 'elaborate' step finished in '1' seconds
INFO: [USF-XSim-4] XSim::Simulate design
INFO: [USF-XSim-61] Executing 'SIMULATE' step in 'E:/Projects/FPGA/Pipelined_Processor/Pipelined_Processor.sim/sim_1/behav/xsim'
INFO: [USF-XSim-98] *** Running xsim
   with args "tb_riscv_behav -key {Behavioral:sim_1:Functional:tb_riscv} -tclbatch {tb_riscv.tcl} -view {E:/Projects/FPGA/Pipelined_Processor/Pipelined_Processor.sim/tb_riscv_behav.wcfg} -log {simulate.log}"
INFO: [USF-XSim-8] Loading simulator feature
Time resolution is 1 ps
open_wave_config E:/Projects/FPGA/Pipelined_Processor/Pipelined_Processor.sim/tb_riscv_behav.wcfg
source tb_riscv.tcl
## set curr_wave [current_wave_config]
## if { [string length $curr_wave] == 0 } {
##   if { [llength [get_objects]] > 0} {
##     add_wave /
##     set_property needs_save false [current_wave_config]
##   } else {
##      send_msg_id Add_Wave-1 WARNING "No top level signals found. Simulator will start without a wave window. If you want to open a wave window go to 'File->New Waveform Configuration' or type 'create_wave_config' in the TCL console."
##   }
## }
## run 20us
 Block Memory Generator module loading initial data...
 Block Memory Generator data initialization complete.
Block Memory Generator module tb_riscv.dut.mem.inst.native_mem_mapped_module.blk_mem_gen_v8_4_12_inst is using a behavioral model for simulation which will not precisely model memory collision behavior.
--- Verilog: Test Passed (Write 1 to tohost) ---
$stop called at time : 9993110 ps : File "E:/Projects/RISC-V_CPU/Pipelined_Processor/tb/tb_riscv.v" Line 98
INFO: [USF-XSim-96] XSim completed. Design snapshot 'tb_riscv_behav' loaded.
INFO: [USF-XSim-97] XSim simulation ran for 20us
launch_simulation: Time (s): cpu = 00:00:00 ; elapsed = 00:00:06 . Memory (MB): peak = 561.633 ; gain = 0.000
--- Verilog: Test Passed (Write 1 to tohost) ---
$stop called at time : 10104221 ps : File "E:/Projects/RISC-V_CPU/Pipelined_Processor/tb/tb_riscv.v" Line 98
  -> PASS
Running Test: rv32ui-p-ori.hex ...
INFO: [Simtcl 6-16] Simulation closed
Command: launch_simulation 
INFO: [Vivado 12-25911] Executing simulation for 'XSim' simulator
INFO: [Vivado 12-28535] Process started - Mon Jan  5 15:01:47 2026

INFO: [Vivado 12-12493] Simulation top is 'tb_riscv'
INFO: [Vivado 12-5698] Checking validity of IPs in the design for the 'XSim' simulator...
INFO: [Vivado 12-5682] Launching behavioral simulation in 'E:/Projects/FPGA/Pipelined_Processor/Pipelined_Processor.sim/sim_1/behav/xsim'
INFO: [Vivado 12-13660] Precompiled IP simulation library mode is enabled (default). The design IP libraries will be referenced from the compiled library path. Please note that if the precompiled version of the library is not found from the path or the IP is in locked state, then the library source files for these IPs will be compiled locally as part of the compile order.
INFO: [Vivado 12-4795] Using compiled simulation libraries for IPs
INFO: [SIM-utils-51] Simulation object is 'sim_1'
INFO: [SIM-utils-72] Using boost library from 'D:/AMDDesignTools/2025.2/Vivado/tps/boost_1_72_0'
INFO: [USF-XSim-7] Finding pre-compiled libraries...
INFO: [USF-XSim-11] File 'D:/AMDDesignTools/2025.2/Vivado/data/xsim/xsim.ini' copied to run dir:'E:/Projects/FPGA/Pipelined_Processor/Pipelined_Processor.sim/sim_1/behav/xsim'
INFO: [SIM-utils-54] Inspecting design source files for 'tb_riscv' in fileset 'sim_1'...
INFO: [SIM-utils-43] Exported 'E:/Projects/FPGA/Pipelined_Processor/Pipelined_Processor.sim/sim_1/behav/xsim/RAM.mif'
INFO: [SIM-utils-43] Exported 'E:/Projects/FPGA/Pipelined_Processor/Pipelined_Processor.sim/sim_1/behav/xsim/main.coe'
INFO: [SIM-utils-43] Exported 'E:/Projects/FPGA/Pipelined_Processor/Pipelined_Processor.sim/sim_1/behav/xsim/current_test.hex'
INFO: [USF-XSim-97] Finding global include files...
INFO: [USF-XSim-100] Fetching design files from 'sources_1'...(this may take a while)...
INFO: [USF-XSim-101] Fetching design files from 'sim_1'...
INFO: [USF-XSim-2] XSim::Compile design
INFO: [USF-XSim-61] Executing 'COMPILE and ANALYZE' step in 'E:/Projects/FPGA/Pipelined_Processor/Pipelined_Processor.sim/sim_1/behav/xsim'
"xvlog --incr --relax -prj tb_riscv_vlog.prj"
"xvhdl --incr --relax -prj tb_riscv_vhdl.prj"
INFO: [USF-XSim-69] 'compile' step finished in '2' seconds
INFO: [USF-XSim-3] XSim::Elaborate design
INFO: [USF-XSim-61] Executing 'ELABORATE' step in 'E:/Projects/FPGA/Pipelined_Processor/Pipelined_Processor.sim/sim_1/behav/xsim'
"xelab --incr --debug typical --relax --mt 2 -L xil_defaultlib -L blk_mem_gen_v8_4_12 -L axi_lite_ipif_v3_0_4 -L axi_uartlite_v2_0_39 -L unisims_ver -L unimacro_ver -L secureip -L xpm --snapshot tb_riscv_behav xil_defaultlib.tb_riscv xil_defaultlib.glbl -log elaborate.log"
Vivado Simulator v2025.2
Copyright 1986-2022 Xilinx, Inc. All Rights Reserved.
Copyright 2022-2025 Advanced Micro Devices, Inc. All Rights Reserved.
Running: D:/AMDDesignTools/2025.2/Vivado/bin/unwrapped/win64.o/xelab.exe --incr --debug typical --relax --mt 2 -L xil_defaultlib -L blk_mem_gen_v8_4_12 -L axi_lite_ipif_v3_0_4 -L axi_uartlite_v2_0_39 -L unisims_ver -L unimacro_ver -L secureip -L xpm --snapshot tb_riscv_behav xil_defaultlib.tb_riscv xil_defaultlib.glbl -log elaborate.log 
Using 2 slave threads.
Starting static elaboration
Pass Through NonSizing Optimizer
Completed static elaboration
INFO: [XSIM 43-4323] No Change in HDL. Linking previously generated obj files to create kernel
INFO: [USF-XSim-69] 'elaborate' step finished in '1' seconds
INFO: [USF-XSim-4] XSim::Simulate design
INFO: [USF-XSim-61] Executing 'SIMULATE' step in 'E:/Projects/FPGA/Pipelined_Processor/Pipelined_Processor.sim/sim_1/behav/xsim'
INFO: [USF-XSim-98] *** Running xsim
   with args "tb_riscv_behav -key {Behavioral:sim_1:Functional:tb_riscv} -tclbatch {tb_riscv.tcl} -view {E:/Projects/FPGA/Pipelined_Processor/Pipelined_Processor.sim/tb_riscv_behav.wcfg} -log {simulate.log}"
INFO: [USF-XSim-8] Loading simulator feature
Time resolution is 1 ps
open_wave_config E:/Projects/FPGA/Pipelined_Processor/Pipelined_Processor.sim/tb_riscv_behav.wcfg
source tb_riscv.tcl
## set curr_wave [current_wave_config]
## if { [string length $curr_wave] == 0 } {
##   if { [llength [get_objects]] > 0} {
##     add_wave /
##     set_property needs_save false [current_wave_config]
##   } else {
##      send_msg_id Add_Wave-1 WARNING "No top level signals found. Simulator will start without a wave window. If you want to open a wave window go to 'File->New Waveform Configuration' or type 'create_wave_config' in the TCL console."
##   }
## }
## run 20us
 Block Memory Generator module loading initial data...
 Block Memory Generator data initialization complete.
Block Memory Generator module tb_riscv.dut.mem.inst.native_mem_mapped_module.blk_mem_gen_v8_4_12_inst is using a behavioral model for simulation which will not precisely model memory collision behavior.
--- Verilog: Test Passed (Write 1 to tohost) ---
$stop called at time : 5687554 ps : File "E:/Projects/RISC-V_CPU/Pipelined_Processor/tb/tb_riscv.v" Line 98
INFO: [USF-XSim-96] XSim completed. Design snapshot 'tb_riscv_behav' loaded.
INFO: [USF-XSim-97] XSim simulation ran for 20us
launch_simulation: Time (s): cpu = 00:00:01 ; elapsed = 00:00:06 . Memory (MB): peak = 561.633 ; gain = 0.000
--- Verilog: Test Passed (Write 1 to tohost) ---
$stop called at time : 5798666 ps : File "E:/Projects/RISC-V_CPU/Pipelined_Processor/tb/tb_riscv.v" Line 98
  -> PASS
Running Test: rv32ui-p-sb.hex ...
INFO: [Simtcl 6-16] Simulation closed
Command: launch_simulation 
INFO: [Vivado 12-25911] Executing simulation for 'XSim' simulator
INFO: [Vivado 12-28535] Process started - Mon Jan  5 15:01:54 2026

INFO: [Vivado 12-12493] Simulation top is 'tb_riscv'
INFO: [Vivado 12-5698] Checking validity of IPs in the design for the 'XSim' simulator...
INFO: [Vivado 12-5682] Launching behavioral simulation in 'E:/Projects/FPGA/Pipelined_Processor/Pipelined_Processor.sim/sim_1/behav/xsim'
INFO: [Vivado 12-13660] Precompiled IP simulation library mode is enabled (default). The design IP libraries will be referenced from the compiled library path. Please note that if the precompiled version of the library is not found from the path or the IP is in locked state, then the library source files for these IPs will be compiled locally as part of the compile order.
INFO: [Vivado 12-4795] Using compiled simulation libraries for IPs
INFO: [SIM-utils-51] Simulation object is 'sim_1'
INFO: [SIM-utils-72] Using boost library from 'D:/AMDDesignTools/2025.2/Vivado/tps/boost_1_72_0'
INFO: [USF-XSim-7] Finding pre-compiled libraries...
INFO: [USF-XSim-11] File 'D:/AMDDesignTools/2025.2/Vivado/data/xsim/xsim.ini' copied to run dir:'E:/Projects/FPGA/Pipelined_Processor/Pipelined_Processor.sim/sim_1/behav/xsim'
INFO: [SIM-utils-54] Inspecting design source files for 'tb_riscv' in fileset 'sim_1'...
INFO: [SIM-utils-43] Exported 'E:/Projects/FPGA/Pipelined_Processor/Pipelined_Processor.sim/sim_1/behav/xsim/RAM.mif'
INFO: [SIM-utils-43] Exported 'E:/Projects/FPGA/Pipelined_Processor/Pipelined_Processor.sim/sim_1/behav/xsim/main.coe'
INFO: [SIM-utils-43] Exported 'E:/Projects/FPGA/Pipelined_Processor/Pipelined_Processor.sim/sim_1/behav/xsim/current_test.hex'
INFO: [USF-XSim-97] Finding global include files...
INFO: [USF-XSim-100] Fetching design files from 'sources_1'...(this may take a while)...
INFO: [USF-XSim-101] Fetching design files from 'sim_1'...
INFO: [USF-XSim-2] XSim::Compile design
INFO: [USF-XSim-61] Executing 'COMPILE and ANALYZE' step in 'E:/Projects/FPGA/Pipelined_Processor/Pipelined_Processor.sim/sim_1/behav/xsim'
"xvlog --incr --relax -prj tb_riscv_vlog.prj"
"xvhdl --incr --relax -prj tb_riscv_vhdl.prj"
INFO: [USF-XSim-69] 'compile' step finished in '2' seconds
INFO: [USF-XSim-3] XSim::Elaborate design
INFO: [USF-XSim-61] Executing 'ELABORATE' step in 'E:/Projects/FPGA/Pipelined_Processor/Pipelined_Processor.sim/sim_1/behav/xsim'
"xelab --incr --debug typical --relax --mt 2 -L xil_defaultlib -L blk_mem_gen_v8_4_12 -L axi_lite_ipif_v3_0_4 -L axi_uartlite_v2_0_39 -L unisims_ver -L unimacro_ver -L secureip -L xpm --snapshot tb_riscv_behav xil_defaultlib.tb_riscv xil_defaultlib.glbl -log elaborate.log"
Vivado Simulator v2025.2
Copyright 1986-2022 Xilinx, Inc. All Rights Reserved.
Copyright 2022-2025 Advanced Micro Devices, Inc. All Rights Reserved.
Running: D:/AMDDesignTools/2025.2/Vivado/bin/unwrapped/win64.o/xelab.exe --incr --debug typical --relax --mt 2 -L xil_defaultlib -L blk_mem_gen_v8_4_12 -L axi_lite_ipif_v3_0_4 -L axi_uartlite_v2_0_39 -L unisims_ver -L unimacro_ver -L secureip -L xpm --snapshot tb_riscv_behav xil_defaultlib.tb_riscv xil_defaultlib.glbl -log elaborate.log 
Using 2 slave threads.
Starting static elaboration
Pass Through NonSizing Optimizer
Completed static elaboration
INFO: [XSIM 43-4323] No Change in HDL. Linking previously generated obj files to create kernel
INFO: [USF-XSim-69] 'elaborate' step finished in '2' seconds
INFO: [USF-XSim-4] XSim::Simulate design
INFO: [USF-XSim-61] Executing 'SIMULATE' step in 'E:/Projects/FPGA/Pipelined_Processor/Pipelined_Processor.sim/sim_1/behav/xsim'
INFO: [USF-XSim-98] *** Running xsim
   with args "tb_riscv_behav -key {Behavioral:sim_1:Functional:tb_riscv} -tclbatch {tb_riscv.tcl} -view {E:/Projects/FPGA/Pipelined_Processor/Pipelined_Processor.sim/tb_riscv_behav.wcfg} -log {simulate.log}"
INFO: [USF-XSim-8] Loading simulator feature
Time resolution is 1 ps
open_wave_config E:/Projects/FPGA/Pipelined_Processor/Pipelined_Processor.sim/tb_riscv_behav.wcfg
source tb_riscv.tcl
## set curr_wave [current_wave_config]
## if { [string length $curr_wave] == 0 } {
##   if { [llength [get_objects]] > 0} {
##     add_wave /
##     set_property needs_save false [current_wave_config]
##   } else {
##      send_msg_id Add_Wave-1 WARNING "No top level signals found. Simulator will start without a wave window. If you want to open a wave window go to 'File->New Waveform Configuration' or type 'create_wave_config' in the TCL console."
##   }
## }
## run 20us
 Block Memory Generator module loading initial data...
 Block Memory Generator data initialization complete.
Block Memory Generator module tb_riscv.dut.mem.inst.native_mem_mapped_module.blk_mem_gen_v8_4_12_inst is using a behavioral model for simulation which will not precisely model memory collision behavior.
--- Verilog: Test Passed (Write 1 to tohost) ---
$stop called at time : 10451443 ps : File "E:/Projects/RISC-V_CPU/Pipelined_Processor/tb/tb_riscv.v" Line 98
INFO: [USF-XSim-96] XSim completed. Design snapshot 'tb_riscv_behav' loaded.
INFO: [USF-XSim-97] XSim simulation ran for 20us
launch_simulation: Time (s): cpu = 00:00:00 ; elapsed = 00:00:06 . Memory (MB): peak = 561.633 ; gain = 0.000
--- Verilog: Test Passed (Write 1 to tohost) ---
$stop called at time : 10562554 ps : File "E:/Projects/RISC-V_CPU/Pipelined_Processor/tb/tb_riscv.v" Line 98
  -> PASS
Running Test: rv32ui-p-sh.hex ...
INFO: [Simtcl 6-16] Simulation closed
Command: launch_simulation 
INFO: [Vivado 12-25911] Executing simulation for 'XSim' simulator
INFO: [Vivado 12-28535] Process started - Mon Jan  5 15:02:01 2026

INFO: [Vivado 12-12493] Simulation top is 'tb_riscv'
INFO: [Vivado 12-5698] Checking validity of IPs in the design for the 'XSim' simulator...
INFO: [Vivado 12-5682] Launching behavioral simulation in 'E:/Projects/FPGA/Pipelined_Processor/Pipelined_Processor.sim/sim_1/behav/xsim'
INFO: [Vivado 12-13660] Precompiled IP simulation library mode is enabled (default). The design IP libraries will be referenced from the compiled library path. Please note that if the precompiled version of the library is not found from the path or the IP is in locked state, then the library source files for these IPs will be compiled locally as part of the compile order.
INFO: [Vivado 12-4795] Using compiled simulation libraries for IPs
INFO: [SIM-utils-51] Simulation object is 'sim_1'
INFO: [SIM-utils-72] Using boost library from 'D:/AMDDesignTools/2025.2/Vivado/tps/boost_1_72_0'
INFO: [USF-XSim-7] Finding pre-compiled libraries...
INFO: [USF-XSim-11] File 'D:/AMDDesignTools/2025.2/Vivado/data/xsim/xsim.ini' copied to run dir:'E:/Projects/FPGA/Pipelined_Processor/Pipelined_Processor.sim/sim_1/behav/xsim'
INFO: [SIM-utils-54] Inspecting design source files for 'tb_riscv' in fileset 'sim_1'...
INFO: [SIM-utils-43] Exported 'E:/Projects/FPGA/Pipelined_Processor/Pipelined_Processor.sim/sim_1/behav/xsim/RAM.mif'
INFO: [SIM-utils-43] Exported 'E:/Projects/FPGA/Pipelined_Processor/Pipelined_Processor.sim/sim_1/behav/xsim/main.coe'
INFO: [SIM-utils-43] Exported 'E:/Projects/FPGA/Pipelined_Processor/Pipelined_Processor.sim/sim_1/behav/xsim/current_test.hex'
INFO: [USF-XSim-97] Finding global include files...
INFO: [USF-XSim-100] Fetching design files from 'sources_1'...(this may take a while)...
INFO: [USF-XSim-101] Fetching design files from 'sim_1'...
INFO: [USF-XSim-2] XSim::Compile design
INFO: [USF-XSim-61] Executing 'COMPILE and ANALYZE' step in 'E:/Projects/FPGA/Pipelined_Processor/Pipelined_Processor.sim/sim_1/behav/xsim'
"xvlog --incr --relax -prj tb_riscv_vlog.prj"
"xvhdl --incr --relax -prj tb_riscv_vhdl.prj"
INFO: [USF-XSim-69] 'compile' step finished in '2' seconds
INFO: [USF-XSim-3] XSim::Elaborate design
INFO: [USF-XSim-61] Executing 'ELABORATE' step in 'E:/Projects/FPGA/Pipelined_Processor/Pipelined_Processor.sim/sim_1/behav/xsim'
"xelab --incr --debug typical --relax --mt 2 -L xil_defaultlib -L blk_mem_gen_v8_4_12 -L axi_lite_ipif_v3_0_4 -L axi_uartlite_v2_0_39 -L unisims_ver -L unimacro_ver -L secureip -L xpm --snapshot tb_riscv_behav xil_defaultlib.tb_riscv xil_defaultlib.glbl -log elaborate.log"
Vivado Simulator v2025.2
Copyright 1986-2022 Xilinx, Inc. All Rights Reserved.
Copyright 2022-2025 Advanced Micro Devices, Inc. All Rights Reserved.
Running: D:/AMDDesignTools/2025.2/Vivado/bin/unwrapped/win64.o/xelab.exe --incr --debug typical --relax --mt 2 -L xil_defaultlib -L blk_mem_gen_v8_4_12 -L axi_lite_ipif_v3_0_4 -L axi_uartlite_v2_0_39 -L unisims_ver -L unimacro_ver -L secureip -L xpm --snapshot tb_riscv_behav xil_defaultlib.tb_riscv xil_defaultlib.glbl -log elaborate.log 
Using 2 slave threads.
Starting static elaboration
Pass Through NonSizing Optimizer
Completed static elaboration
INFO: [XSIM 43-4323] No Change in HDL. Linking previously generated obj files to create kernel
INFO: [USF-XSim-69] 'elaborate' step finished in '2' seconds
INFO: [USF-XSim-4] XSim::Simulate design
INFO: [USF-XSim-61] Executing 'SIMULATE' step in 'E:/Projects/FPGA/Pipelined_Processor/Pipelined_Processor.sim/sim_1/behav/xsim'
INFO: [USF-XSim-98] *** Running xsim
   with args "tb_riscv_behav -key {Behavioral:sim_1:Functional:tb_riscv} -tclbatch {tb_riscv.tcl} -view {E:/Projects/FPGA/Pipelined_Processor/Pipelined_Processor.sim/tb_riscv_behav.wcfg} -log {simulate.log}"
INFO: [USF-XSim-8] Loading simulator feature
Time resolution is 1 ps
open_wave_config E:/Projects/FPGA/Pipelined_Processor/Pipelined_Processor.sim/tb_riscv_behav.wcfg
source tb_riscv.tcl
## set curr_wave [current_wave_config]
## if { [string length $curr_wave] == 0 } {
##   if { [llength [get_objects]] > 0} {
##     add_wave /
##     set_property needs_save false [current_wave_config]
##   } else {
##      send_msg_id Add_Wave-1 WARNING "No top level signals found. Simulator will start without a wave window. If you want to open a wave window go to 'File->New Waveform Configuration' or type 'create_wave_config' in the TCL console."
##   }
## }
## run 20us
 Block Memory Generator module loading initial data...
 Block Memory Generator data initialization complete.
Block Memory Generator module tb_riscv.dut.mem.inst.native_mem_mapped_module.blk_mem_gen_v8_4_12_inst is using a behavioral model for simulation which will not precisely model memory collision behavior.
--- Verilog: Test Passed (Write 1 to tohost) ---
$stop called at time : 10881999 ps : File "E:/Projects/RISC-V_CPU/Pipelined_Processor/tb/tb_riscv.v" Line 98
INFO: [USF-XSim-96] XSim completed. Design snapshot 'tb_riscv_behav' loaded.
INFO: [USF-XSim-97] XSim simulation ran for 20us
launch_simulation: Time (s): cpu = 00:00:01 ; elapsed = 00:00:06 . Memory (MB): peak = 561.633 ; gain = 0.000
--- Verilog: Test Passed (Write 1 to tohost) ---
$stop called at time : 10993110 ps : File "E:/Projects/RISC-V_CPU/Pipelined_Processor/tb/tb_riscv.v" Line 98
  -> PASS
Running Test: rv32ui-p-simple.hex ...
INFO: [Simtcl 6-16] Simulation closed
Command: launch_simulation 
INFO: [Vivado 12-25911] Executing simulation for 'XSim' simulator
INFO: [Vivado 12-28535] Process started - Mon Jan  5 15:02:08 2026

INFO: [Vivado 12-12493] Simulation top is 'tb_riscv'
INFO: [Vivado 12-5698] Checking validity of IPs in the design for the 'XSim' simulator...
INFO: [Vivado 12-5682] Launching behavioral simulation in 'E:/Projects/FPGA/Pipelined_Processor/Pipelined_Processor.sim/sim_1/behav/xsim'
INFO: [Vivado 12-13660] Precompiled IP simulation library mode is enabled (default). The design IP libraries will be referenced from the compiled library path. Please note that if the precompiled version of the library is not found from the path or the IP is in locked state, then the library source files for these IPs will be compiled locally as part of the compile order.
INFO: [Vivado 12-4795] Using compiled simulation libraries for IPs
INFO: [SIM-utils-51] Simulation object is 'sim_1'
INFO: [SIM-utils-72] Using boost library from 'D:/AMDDesignTools/2025.2/Vivado/tps/boost_1_72_0'
INFO: [USF-XSim-7] Finding pre-compiled libraries...
INFO: [USF-XSim-11] File 'D:/AMDDesignTools/2025.2/Vivado/data/xsim/xsim.ini' copied to run dir:'E:/Projects/FPGA/Pipelined_Processor/Pipelined_Processor.sim/sim_1/behav/xsim'
INFO: [SIM-utils-54] Inspecting design source files for 'tb_riscv' in fileset 'sim_1'...
INFO: [SIM-utils-43] Exported 'E:/Projects/FPGA/Pipelined_Processor/Pipelined_Processor.sim/sim_1/behav/xsim/RAM.mif'
INFO: [SIM-utils-43] Exported 'E:/Projects/FPGA/Pipelined_Processor/Pipelined_Processor.sim/sim_1/behav/xsim/main.coe'
INFO: [SIM-utils-43] Exported 'E:/Projects/FPGA/Pipelined_Processor/Pipelined_Processor.sim/sim_1/behav/xsim/current_test.hex'
INFO: [USF-XSim-97] Finding global include files...
INFO: [USF-XSim-100] Fetching design files from 'sources_1'...(this may take a while)...
INFO: [USF-XSim-101] Fetching design files from 'sim_1'...
INFO: [USF-XSim-2] XSim::Compile design
INFO: [USF-XSim-61] Executing 'COMPILE and ANALYZE' step in 'E:/Projects/FPGA/Pipelined_Processor/Pipelined_Processor.sim/sim_1/behav/xsim'
"xvlog --incr --relax -prj tb_riscv_vlog.prj"
"xvhdl --incr --relax -prj tb_riscv_vhdl.prj"
INFO: [USF-XSim-69] 'compile' step finished in '3' seconds
INFO: [USF-XSim-3] XSim::Elaborate design
INFO: [USF-XSim-61] Executing 'ELABORATE' step in 'E:/Projects/FPGA/Pipelined_Processor/Pipelined_Processor.sim/sim_1/behav/xsim'
"xelab --incr --debug typical --relax --mt 2 -L xil_defaultlib -L blk_mem_gen_v8_4_12 -L axi_lite_ipif_v3_0_4 -L axi_uartlite_v2_0_39 -L unisims_ver -L unimacro_ver -L secureip -L xpm --snapshot tb_riscv_behav xil_defaultlib.tb_riscv xil_defaultlib.glbl -log elaborate.log"
Vivado Simulator v2025.2
Copyright 1986-2022 Xilinx, Inc. All Rights Reserved.
Copyright 2022-2025 Advanced Micro Devices, Inc. All Rights Reserved.
Running: D:/AMDDesignTools/2025.2/Vivado/bin/unwrapped/win64.o/xelab.exe --incr --debug typical --relax --mt 2 -L xil_defaultlib -L blk_mem_gen_v8_4_12 -L axi_lite_ipif_v3_0_4 -L axi_uartlite_v2_0_39 -L unisims_ver -L unimacro_ver -L secureip -L xpm --snapshot tb_riscv_behav xil_defaultlib.tb_riscv xil_defaultlib.glbl -log elaborate.log 
Using 2 slave threads.
Starting static elaboration
Pass Through NonSizing Optimizer
Completed static elaboration
INFO: [XSIM 43-4323] No Change in HDL. Linking previously generated obj files to create kernel
INFO: [USF-XSim-69] 'elaborate' step finished in '1' seconds
INFO: [USF-XSim-4] XSim::Simulate design
INFO: [USF-XSim-61] Executing 'SIMULATE' step in 'E:/Projects/FPGA/Pipelined_Processor/Pipelined_Processor.sim/sim_1/behav/xsim'
INFO: [USF-XSim-98] *** Running xsim
   with args "tb_riscv_behav -key {Behavioral:sim_1:Functional:tb_riscv} -tclbatch {tb_riscv.tcl} -view {E:/Projects/FPGA/Pipelined_Processor/Pipelined_Processor.sim/tb_riscv_behav.wcfg} -log {simulate.log}"
INFO: [USF-XSim-8] Loading simulator feature
Time resolution is 1 ps
open_wave_config E:/Projects/FPGA/Pipelined_Processor/Pipelined_Processor.sim/tb_riscv_behav.wcfg
source tb_riscv.tcl
## set curr_wave [current_wave_config]
## if { [string length $curr_wave] == 0 } {
##   if { [llength [get_objects]] > 0} {
##     add_wave /
##     set_property needs_save false [current_wave_config]
##   } else {
##      send_msg_id Add_Wave-1 WARNING "No top level signals found. Simulator will start without a wave window. If you want to open a wave window go to 'File->New Waveform Configuration' or type 'create_wave_config' in the TCL console."
##   }
## }
## run 20us
 Block Memory Generator module loading initial data...
 Block Memory Generator data initialization complete.
Block Memory Generator module tb_riscv.dut.mem.inst.native_mem_mapped_module.blk_mem_gen_v8_4_12_inst is using a behavioral model for simulation which will not precisely model memory collision behavior.
--- Verilog: Test Passed (Write 1 to tohost) ---
$stop called at time : 3118110 ps : File "E:/Projects/RISC-V_CPU/Pipelined_Processor/tb/tb_riscv.v" Line 98
INFO: [USF-XSim-96] XSim completed. Design snapshot 'tb_riscv_behav' loaded.
INFO: [USF-XSim-97] XSim simulation ran for 20us
launch_simulation: Time (s): cpu = 00:00:00 ; elapsed = 00:00:06 . Memory (MB): peak = 561.633 ; gain = 0.000
--- Verilog: Test Passed (Write 1 to tohost) ---
$stop called at time : 3229221 ps : File "E:/Projects/RISC-V_CPU/Pipelined_Processor/tb/tb_riscv.v" Line 98
  -> PASS
Running Test: rv32ui-p-sll.hex ...
INFO: [Simtcl 6-16] Simulation closed
Command: launch_simulation 
INFO: [Vivado 12-25911] Executing simulation for 'XSim' simulator
INFO: [Vivado 12-28535] Process started - Mon Jan  5 15:02:14 2026

INFO: [Vivado 12-12493] Simulation top is 'tb_riscv'
INFO: [Vivado 12-5698] Checking validity of IPs in the design for the 'XSim' simulator...
INFO: [Vivado 12-5682] Launching behavioral simulation in 'E:/Projects/FPGA/Pipelined_Processor/Pipelined_Processor.sim/sim_1/behav/xsim'
INFO: [Vivado 12-13660] Precompiled IP simulation library mode is enabled (default). The design IP libraries will be referenced from the compiled library path. Please note that if the precompiled version of the library is not found from the path or the IP is in locked state, then the library source files for these IPs will be compiled locally as part of the compile order.
INFO: [Vivado 12-4795] Using compiled simulation libraries for IPs
INFO: [SIM-utils-51] Simulation object is 'sim_1'
INFO: [SIM-utils-72] Using boost library from 'D:/AMDDesignTools/2025.2/Vivado/tps/boost_1_72_0'
INFO: [USF-XSim-7] Finding pre-compiled libraries...
INFO: [USF-XSim-11] File 'D:/AMDDesignTools/2025.2/Vivado/data/xsim/xsim.ini' copied to run dir:'E:/Projects/FPGA/Pipelined_Processor/Pipelined_Processor.sim/sim_1/behav/xsim'
INFO: [SIM-utils-54] Inspecting design source files for 'tb_riscv' in fileset 'sim_1'...
INFO: [SIM-utils-43] Exported 'E:/Projects/FPGA/Pipelined_Processor/Pipelined_Processor.sim/sim_1/behav/xsim/RAM.mif'
INFO: [SIM-utils-43] Exported 'E:/Projects/FPGA/Pipelined_Processor/Pipelined_Processor.sim/sim_1/behav/xsim/main.coe'
INFO: [SIM-utils-43] Exported 'E:/Projects/FPGA/Pipelined_Processor/Pipelined_Processor.sim/sim_1/behav/xsim/current_test.hex'
INFO: [USF-XSim-97] Finding global include files...
INFO: [USF-XSim-100] Fetching design files from 'sources_1'...(this may take a while)...
INFO: [USF-XSim-101] Fetching design files from 'sim_1'...
INFO: [USF-XSim-2] XSim::Compile design
INFO: [USF-XSim-61] Executing 'COMPILE and ANALYZE' step in 'E:/Projects/FPGA/Pipelined_Processor/Pipelined_Processor.sim/sim_1/behav/xsim'
"xvlog --incr --relax -prj tb_riscv_vlog.prj"
"xvhdl --incr --relax -prj tb_riscv_vhdl.prj"
INFO: [USF-XSim-69] 'compile' step finished in '3' seconds
INFO: [USF-XSim-3] XSim::Elaborate design
INFO: [USF-XSim-61] Executing 'ELABORATE' step in 'E:/Projects/FPGA/Pipelined_Processor/Pipelined_Processor.sim/sim_1/behav/xsim'
"xelab --incr --debug typical --relax --mt 2 -L xil_defaultlib -L blk_mem_gen_v8_4_12 -L axi_lite_ipif_v3_0_4 -L axi_uartlite_v2_0_39 -L unisims_ver -L unimacro_ver -L secureip -L xpm --snapshot tb_riscv_behav xil_defaultlib.tb_riscv xil_defaultlib.glbl -log elaborate.log"
Vivado Simulator v2025.2
Copyright 1986-2022 Xilinx, Inc. All Rights Reserved.
Copyright 2022-2025 Advanced Micro Devices, Inc. All Rights Reserved.
Running: D:/AMDDesignTools/2025.2/Vivado/bin/unwrapped/win64.o/xelab.exe --incr --debug typical --relax --mt 2 -L xil_defaultlib -L blk_mem_gen_v8_4_12 -L axi_lite_ipif_v3_0_4 -L axi_uartlite_v2_0_39 -L unisims_ver -L unimacro_ver -L secureip -L xpm --snapshot tb_riscv_behav xil_defaultlib.tb_riscv xil_defaultlib.glbl -log elaborate.log 
Using 2 slave threads.
Starting static elaboration
Pass Through NonSizing Optimizer
Completed static elaboration
INFO: [XSIM 43-4323] No Change in HDL. Linking previously generated obj files to create kernel
INFO: [USF-XSim-69] 'elaborate' step finished in '1' seconds
INFO: [USF-XSim-4] XSim::Simulate design
INFO: [USF-XSim-61] Executing 'SIMULATE' step in 'E:/Projects/FPGA/Pipelined_Processor/Pipelined_Processor.sim/sim_1/behav/xsim'
INFO: [USF-XSim-98] *** Running xsim
   with args "tb_riscv_behav -key {Behavioral:sim_1:Functional:tb_riscv} -tclbatch {tb_riscv.tcl} -view {E:/Projects/FPGA/Pipelined_Processor/Pipelined_Processor.sim/tb_riscv_behav.wcfg} -log {simulate.log}"
INFO: [USF-XSim-8] Loading simulator feature
Time resolution is 1 ps
open_wave_config E:/Projects/FPGA/Pipelined_Processor/Pipelined_Processor.sim/tb_riscv_behav.wcfg
source tb_riscv.tcl
## set curr_wave [current_wave_config]
## if { [string length $curr_wave] == 0 } {
##   if { [llength [get_objects]] > 0} {
##     add_wave /
##     set_property needs_save false [current_wave_config]
##   } else {
##      send_msg_id Add_Wave-1 WARNING "No top level signals found. Simulator will start without a wave window. If you want to open a wave window go to 'File->New Waveform Configuration' or type 'create_wave_config' in the TCL console."
##   }
## }
## run 20us
 Block Memory Generator module loading initial data...
 Block Memory Generator data initialization complete.
Block Memory Generator module tb_riscv.dut.mem.inst.native_mem_mapped_module.blk_mem_gen_v8_4_12_inst is using a behavioral model for simulation which will not precisely model memory collision behavior.
--- Verilog: Test Passed (Write 1 to tohost) ---
$stop called at time : 10062555 ps : File "E:/Projects/RISC-V_CPU/Pipelined_Processor/tb/tb_riscv.v" Line 98
INFO: [USF-XSim-96] XSim completed. Design snapshot 'tb_riscv_behav' loaded.
INFO: [USF-XSim-97] XSim simulation ran for 20us
launch_simulation: Time (s): cpu = 00:00:00 ; elapsed = 00:00:06 . Memory (MB): peak = 561.633 ; gain = 0.000
--- Verilog: Test Passed (Write 1 to tohost) ---
$stop called at time : 10173666 ps : File "E:/Projects/RISC-V_CPU/Pipelined_Processor/tb/tb_riscv.v" Line 98
  -> PASS
Running Test: rv32ui-p-slli.hex ...
INFO: [Simtcl 6-16] Simulation closed
Command: launch_simulation 
INFO: [Vivado 12-25911] Executing simulation for 'XSim' simulator
INFO: [Vivado 12-28535] Process started - Mon Jan  5 15:02:21 2026

INFO: [Vivado 12-12493] Simulation top is 'tb_riscv'
INFO: [Vivado 12-5698] Checking validity of IPs in the design for the 'XSim' simulator...
INFO: [Vivado 12-5682] Launching behavioral simulation in 'E:/Projects/FPGA/Pipelined_Processor/Pipelined_Processor.sim/sim_1/behav/xsim'
INFO: [Vivado 12-13660] Precompiled IP simulation library mode is enabled (default). The design IP libraries will be referenced from the compiled library path. Please note that if the precompiled version of the library is not found from the path or the IP is in locked state, then the library source files for these IPs will be compiled locally as part of the compile order.
INFO: [Vivado 12-4795] Using compiled simulation libraries for IPs
INFO: [SIM-utils-51] Simulation object is 'sim_1'
INFO: [SIM-utils-72] Using boost library from 'D:/AMDDesignTools/2025.2/Vivado/tps/boost_1_72_0'
INFO: [USF-XSim-7] Finding pre-compiled libraries...
INFO: [USF-XSim-11] File 'D:/AMDDesignTools/2025.2/Vivado/data/xsim/xsim.ini' copied to run dir:'E:/Projects/FPGA/Pipelined_Processor/Pipelined_Processor.sim/sim_1/behav/xsim'
INFO: [SIM-utils-54] Inspecting design source files for 'tb_riscv' in fileset 'sim_1'...
INFO: [SIM-utils-43] Exported 'E:/Projects/FPGA/Pipelined_Processor/Pipelined_Processor.sim/sim_1/behav/xsim/RAM.mif'
INFO: [SIM-utils-43] Exported 'E:/Projects/FPGA/Pipelined_Processor/Pipelined_Processor.sim/sim_1/behav/xsim/main.coe'
INFO: [SIM-utils-43] Exported 'E:/Projects/FPGA/Pipelined_Processor/Pipelined_Processor.sim/sim_1/behav/xsim/current_test.hex'
INFO: [USF-XSim-97] Finding global include files...
INFO: [USF-XSim-100] Fetching design files from 'sources_1'...(this may take a while)...
INFO: [USF-XSim-101] Fetching design files from 'sim_1'...
INFO: [USF-XSim-2] XSim::Compile design
INFO: [USF-XSim-61] Executing 'COMPILE and ANALYZE' step in 'E:/Projects/FPGA/Pipelined_Processor/Pipelined_Processor.sim/sim_1/behav/xsim'
"xvlog --incr --relax -prj tb_riscv_vlog.prj"
"xvhdl --incr --relax -prj tb_riscv_vhdl.prj"
INFO: [USF-XSim-69] 'compile' step finished in '2' seconds
INFO: [USF-XSim-3] XSim::Elaborate design
INFO: [USF-XSim-61] Executing 'ELABORATE' step in 'E:/Projects/FPGA/Pipelined_Processor/Pipelined_Processor.sim/sim_1/behav/xsim'
"xelab --incr --debug typical --relax --mt 2 -L xil_defaultlib -L blk_mem_gen_v8_4_12 -L axi_lite_ipif_v3_0_4 -L axi_uartlite_v2_0_39 -L unisims_ver -L unimacro_ver -L secureip -L xpm --snapshot tb_riscv_behav xil_defaultlib.tb_riscv xil_defaultlib.glbl -log elaborate.log"
Vivado Simulator v2025.2
Copyright 1986-2022 Xilinx, Inc. All Rights Reserved.
Copyright 2022-2025 Advanced Micro Devices, Inc. All Rights Reserved.
Running: D:/AMDDesignTools/2025.2/Vivado/bin/unwrapped/win64.o/xelab.exe --incr --debug typical --relax --mt 2 -L xil_defaultlib -L blk_mem_gen_v8_4_12 -L axi_lite_ipif_v3_0_4 -L axi_uartlite_v2_0_39 -L unisims_ver -L unimacro_ver -L secureip -L xpm --snapshot tb_riscv_behav xil_defaultlib.tb_riscv xil_defaultlib.glbl -log elaborate.log 
Using 2 slave threads.
Starting static elaboration
Pass Through NonSizing Optimizer
Completed static elaboration
INFO: [XSIM 43-4323] No Change in HDL. Linking previously generated obj files to create kernel
INFO: [USF-XSim-69] 'elaborate' step finished in '2' seconds
INFO: [USF-XSim-4] XSim::Simulate design
INFO: [USF-XSim-61] Executing 'SIMULATE' step in 'E:/Projects/FPGA/Pipelined_Processor/Pipelined_Processor.sim/sim_1/behav/xsim'
INFO: [USF-XSim-98] *** Running xsim
   with args "tb_riscv_behav -key {Behavioral:sim_1:Functional:tb_riscv} -tclbatch {tb_riscv.tcl} -view {E:/Projects/FPGA/Pipelined_Processor/Pipelined_Processor.sim/tb_riscv_behav.wcfg} -log {simulate.log}"
INFO: [USF-XSim-8] Loading simulator feature
Time resolution is 1 ps
open_wave_config E:/Projects/FPGA/Pipelined_Processor/Pipelined_Processor.sim/tb_riscv_behav.wcfg
source tb_riscv.tcl
## set curr_wave [current_wave_config]
## if { [string length $curr_wave] == 0 } {
##   if { [llength [get_objects]] > 0} {
##     add_wave /
##     set_property needs_save false [current_wave_config]
##   } else {
##      send_msg_id Add_Wave-1 WARNING "No top level signals found. Simulator will start without a wave window. If you want to open a wave window go to 'File->New Waveform Configuration' or type 'create_wave_config' in the TCL console."
##   }
## }
## run 20us
 Block Memory Generator module loading initial data...
 Block Memory Generator data initialization complete.
Block Memory Generator module tb_riscv.dut.mem.inst.native_mem_mapped_module.blk_mem_gen_v8_4_12_inst is using a behavioral model for simulation which will not precisely model memory collision behavior.
--- Verilog: Test Passed (Write 1 to tohost) ---
$stop called at time : 6187555 ps : File "E:/Projects/RISC-V_CPU/Pipelined_Processor/tb/tb_riscv.v" Line 98
INFO: [USF-XSim-96] XSim completed. Design snapshot 'tb_riscv_behav' loaded.
INFO: [USF-XSim-97] XSim simulation ran for 20us
launch_simulation: Time (s): cpu = 00:00:01 ; elapsed = 00:00:06 . Memory (MB): peak = 561.633 ; gain = 0.000
--- Verilog: Test Passed (Write 1 to tohost) ---
$stop called at time : 6298666 ps : File "E:/Projects/RISC-V_CPU/Pipelined_Processor/tb/tb_riscv.v" Line 98
  -> PASS
Running Test: rv32ui-p-slt.hex ...
INFO: [Simtcl 6-16] Simulation closed
Command: launch_simulation 
INFO: [Vivado 12-25911] Executing simulation for 'XSim' simulator
INFO: [Vivado 12-28535] Process started - Mon Jan  5 15:02:28 2026

INFO: [Vivado 12-12493] Simulation top is 'tb_riscv'
INFO: [Vivado 12-5698] Checking validity of IPs in the design for the 'XSim' simulator...
INFO: [Vivado 12-5682] Launching behavioral simulation in 'E:/Projects/FPGA/Pipelined_Processor/Pipelined_Processor.sim/sim_1/behav/xsim'
INFO: [Vivado 12-13660] Precompiled IP simulation library mode is enabled (default). The design IP libraries will be referenced from the compiled library path. Please note that if the precompiled version of the library is not found from the path or the IP is in locked state, then the library source files for these IPs will be compiled locally as part of the compile order.
INFO: [Vivado 12-4795] Using compiled simulation libraries for IPs
INFO: [SIM-utils-51] Simulation object is 'sim_1'
INFO: [SIM-utils-72] Using boost library from 'D:/AMDDesignTools/2025.2/Vivado/tps/boost_1_72_0'
INFO: [USF-XSim-7] Finding pre-compiled libraries...
INFO: [USF-XSim-11] File 'D:/AMDDesignTools/2025.2/Vivado/data/xsim/xsim.ini' copied to run dir:'E:/Projects/FPGA/Pipelined_Processor/Pipelined_Processor.sim/sim_1/behav/xsim'
INFO: [SIM-utils-54] Inspecting design source files for 'tb_riscv' in fileset 'sim_1'...
INFO: [SIM-utils-43] Exported 'E:/Projects/FPGA/Pipelined_Processor/Pipelined_Processor.sim/sim_1/behav/xsim/RAM.mif'
INFO: [SIM-utils-43] Exported 'E:/Projects/FPGA/Pipelined_Processor/Pipelined_Processor.sim/sim_1/behav/xsim/main.coe'
INFO: [SIM-utils-43] Exported 'E:/Projects/FPGA/Pipelined_Processor/Pipelined_Processor.sim/sim_1/behav/xsim/current_test.hex'
INFO: [USF-XSim-97] Finding global include files...
INFO: [USF-XSim-100] Fetching design files from 'sources_1'...(this may take a while)...
INFO: [USF-XSim-101] Fetching design files from 'sim_1'...
INFO: [USF-XSim-2] XSim::Compile design
INFO: [USF-XSim-61] Executing 'COMPILE and ANALYZE' step in 'E:/Projects/FPGA/Pipelined_Processor/Pipelined_Processor.sim/sim_1/behav/xsim'
"xvlog --incr --relax -prj tb_riscv_vlog.prj"
"xvhdl --incr --relax -prj tb_riscv_vhdl.prj"
INFO: [USF-XSim-69] 'compile' step finished in '2' seconds
INFO: [USF-XSim-3] XSim::Elaborate design
INFO: [USF-XSim-61] Executing 'ELABORATE' step in 'E:/Projects/FPGA/Pipelined_Processor/Pipelined_Processor.sim/sim_1/behav/xsim'
"xelab --incr --debug typical --relax --mt 2 -L xil_defaultlib -L blk_mem_gen_v8_4_12 -L axi_lite_ipif_v3_0_4 -L axi_uartlite_v2_0_39 -L unisims_ver -L unimacro_ver -L secureip -L xpm --snapshot tb_riscv_behav xil_defaultlib.tb_riscv xil_defaultlib.glbl -log elaborate.log"
Vivado Simulator v2025.2
Copyright 1986-2022 Xilinx, Inc. All Rights Reserved.
Copyright 2022-2025 Advanced Micro Devices, Inc. All Rights Reserved.
Running: D:/AMDDesignTools/2025.2/Vivado/bin/unwrapped/win64.o/xelab.exe --incr --debug typical --relax --mt 2 -L xil_defaultlib -L blk_mem_gen_v8_4_12 -L axi_lite_ipif_v3_0_4 -L axi_uartlite_v2_0_39 -L unisims_ver -L unimacro_ver -L secureip -L xpm --snapshot tb_riscv_behav xil_defaultlib.tb_riscv xil_defaultlib.glbl -log elaborate.log 
Using 2 slave threads.
Starting static elaboration
Pass Through NonSizing Optimizer
Completed static elaboration
INFO: [XSIM 43-4323] No Change in HDL. Linking previously generated obj files to create kernel
INFO: [USF-XSim-69] 'elaborate' step finished in '2' seconds
INFO: [USF-XSim-4] XSim::Simulate design
INFO: [USF-XSim-61] Executing 'SIMULATE' step in 'E:/Projects/FPGA/Pipelined_Processor/Pipelined_Processor.sim/sim_1/behav/xsim'
INFO: [USF-XSim-98] *** Running xsim
   with args "tb_riscv_behav -key {Behavioral:sim_1:Functional:tb_riscv} -tclbatch {tb_riscv.tcl} -view {E:/Projects/FPGA/Pipelined_Processor/Pipelined_Processor.sim/tb_riscv_behav.wcfg} -log {simulate.log}"
INFO: [USF-XSim-8] Loading simulator feature
Time resolution is 1 ps
open_wave_config E:/Projects/FPGA/Pipelined_Processor/Pipelined_Processor.sim/tb_riscv_behav.wcfg
source tb_riscv.tcl
## set curr_wave [current_wave_config]
## if { [string length $curr_wave] == 0 } {
##   if { [llength [get_objects]] > 0} {
##     add_wave /
##     set_property needs_save false [current_wave_config]
##   } else {
##      send_msg_id Add_Wave-1 WARNING "No top level signals found. Simulator will start without a wave window. If you want to open a wave window go to 'File->New Waveform Configuration' or type 'create_wave_config' in the TCL console."
##   }
## }
## run 20us
 Block Memory Generator module loading initial data...
 Block Memory Generator data initialization complete.
Block Memory Generator module tb_riscv.dut.mem.inst.native_mem_mapped_module.blk_mem_gen_v8_4_12_inst is using a behavioral model for simulation which will not precisely model memory collision behavior.
--- Verilog: Test Passed (Write 1 to tohost) ---
$stop called at time : 9590332 ps : File "E:/Projects/RISC-V_CPU/Pipelined_Processor/tb/tb_riscv.v" Line 98
INFO: [USF-XSim-96] XSim completed. Design snapshot 'tb_riscv_behav' loaded.
INFO: [USF-XSim-97] XSim simulation ran for 20us
launch_simulation: Time (s): cpu = 00:00:00 ; elapsed = 00:00:06 . Memory (MB): peak = 561.633 ; gain = 0.000
--- Verilog: Test Passed (Write 1 to tohost) ---
$stop called at time : 9701443 ps : File "E:/Projects/RISC-V_CPU/Pipelined_Processor/tb/tb_riscv.v" Line 98
  -> PASS
Running Test: rv32ui-p-slti.hex ...
INFO: [Simtcl 6-16] Simulation closed
Command: launch_simulation 
INFO: [Vivado 12-25911] Executing simulation for 'XSim' simulator
INFO: [Vivado 12-28535] Process started - Mon Jan  5 15:02:35 2026

INFO: [Vivado 12-12493] Simulation top is 'tb_riscv'
INFO: [Vivado 12-5698] Checking validity of IPs in the design for the 'XSim' simulator...
INFO: [Vivado 12-5682] Launching behavioral simulation in 'E:/Projects/FPGA/Pipelined_Processor/Pipelined_Processor.sim/sim_1/behav/xsim'
INFO: [Vivado 12-13660] Precompiled IP simulation library mode is enabled (default). The design IP libraries will be referenced from the compiled library path. Please note that if the precompiled version of the library is not found from the path or the IP is in locked state, then the library source files for these IPs will be compiled locally as part of the compile order.
INFO: [Vivado 12-4795] Using compiled simulation libraries for IPs
INFO: [SIM-utils-51] Simulation object is 'sim_1'
INFO: [SIM-utils-72] Using boost library from 'D:/AMDDesignTools/2025.2/Vivado/tps/boost_1_72_0'
INFO: [USF-XSim-7] Finding pre-compiled libraries...
INFO: [USF-XSim-11] File 'D:/AMDDesignTools/2025.2/Vivado/data/xsim/xsim.ini' copied to run dir:'E:/Projects/FPGA/Pipelined_Processor/Pipelined_Processor.sim/sim_1/behav/xsim'
INFO: [SIM-utils-54] Inspecting design source files for 'tb_riscv' in fileset 'sim_1'...
INFO: [SIM-utils-43] Exported 'E:/Projects/FPGA/Pipelined_Processor/Pipelined_Processor.sim/sim_1/behav/xsim/RAM.mif'
INFO: [SIM-utils-43] Exported 'E:/Projects/FPGA/Pipelined_Processor/Pipelined_Processor.sim/sim_1/behav/xsim/main.coe'
INFO: [SIM-utils-43] Exported 'E:/Projects/FPGA/Pipelined_Processor/Pipelined_Processor.sim/sim_1/behav/xsim/current_test.hex'
INFO: [USF-XSim-97] Finding global include files...
INFO: [USF-XSim-100] Fetching design files from 'sources_1'...(this may take a while)...
INFO: [USF-XSim-101] Fetching design files from 'sim_1'...
INFO: [USF-XSim-2] XSim::Compile design
INFO: [USF-XSim-61] Executing 'COMPILE and ANALYZE' step in 'E:/Projects/FPGA/Pipelined_Processor/Pipelined_Processor.sim/sim_1/behav/xsim'
"xvlog --incr --relax -prj tb_riscv_vlog.prj"
"xvhdl --incr --relax -prj tb_riscv_vhdl.prj"
INFO: [USF-XSim-69] 'compile' step finished in '2' seconds
INFO: [USF-XSim-3] XSim::Elaborate design
INFO: [USF-XSim-61] Executing 'ELABORATE' step in 'E:/Projects/FPGA/Pipelined_Processor/Pipelined_Processor.sim/sim_1/behav/xsim'
"xelab --incr --debug typical --relax --mt 2 -L xil_defaultlib -L blk_mem_gen_v8_4_12 -L axi_lite_ipif_v3_0_4 -L axi_uartlite_v2_0_39 -L unisims_ver -L unimacro_ver -L secureip -L xpm --snapshot tb_riscv_behav xil_defaultlib.tb_riscv xil_defaultlib.glbl -log elaborate.log"
Vivado Simulator v2025.2
Copyright 1986-2022 Xilinx, Inc. All Rights Reserved.
Copyright 2022-2025 Advanced Micro Devices, Inc. All Rights Reserved.
Running: D:/AMDDesignTools/2025.2/Vivado/bin/unwrapped/win64.o/xelab.exe --incr --debug typical --relax --mt 2 -L xil_defaultlib -L blk_mem_gen_v8_4_12 -L axi_lite_ipif_v3_0_4 -L axi_uartlite_v2_0_39 -L unisims_ver -L unimacro_ver -L secureip -L xpm --snapshot tb_riscv_behav xil_defaultlib.tb_riscv xil_defaultlib.glbl -log elaborate.log 
Using 2 slave threads.
Starting static elaboration
Pass Through NonSizing Optimizer
Completed static elaboration
INFO: [XSIM 43-4323] No Change in HDL. Linking previously generated obj files to create kernel
INFO: [USF-XSim-69] 'elaborate' step finished in '2' seconds
INFO: [USF-XSim-4] XSim::Simulate design
INFO: [USF-XSim-61] Executing 'SIMULATE' step in 'E:/Projects/FPGA/Pipelined_Processor/Pipelined_Processor.sim/sim_1/behav/xsim'
INFO: [USF-XSim-98] *** Running xsim
   with args "tb_riscv_behav -key {Behavioral:sim_1:Functional:tb_riscv} -tclbatch {tb_riscv.tcl} -view {E:/Projects/FPGA/Pipelined_Processor/Pipelined_Processor.sim/tb_riscv_behav.wcfg} -log {simulate.log}"
INFO: [USF-XSim-8] Loading simulator feature
Time resolution is 1 ps
open_wave_config E:/Projects/FPGA/Pipelined_Processor/Pipelined_Processor.sim/tb_riscv_behav.wcfg
source tb_riscv.tcl
## set curr_wave [current_wave_config]
## if { [string length $curr_wave] == 0 } {
##   if { [llength [get_objects]] > 0} {
##     add_wave /
##     set_property needs_save false [current_wave_config]
##   } else {
##      send_msg_id Add_Wave-1 WARNING "No top level signals found. Simulator will start without a wave window. If you want to open a wave window go to 'File->New Waveform Configuration' or type 'create_wave_config' in the TCL console."
##   }
## }
## run 20us
 Block Memory Generator module loading initial data...
 Block Memory Generator data initialization complete.
Block Memory Generator module tb_riscv.dut.mem.inst.native_mem_mapped_module.blk_mem_gen_v8_4_12_inst is using a behavioral model for simulation which will not precisely model memory collision behavior.
--- Verilog: Test Passed (Write 1 to tohost) ---
$stop called at time : 6131999 ps : File "E:/Projects/RISC-V_CPU/Pipelined_Processor/tb/tb_riscv.v" Line 98
INFO: [USF-XSim-96] XSim completed. Design snapshot 'tb_riscv_behav' loaded.
INFO: [USF-XSim-97] XSim simulation ran for 20us
launch_simulation: Time (s): cpu = 00:00:01 ; elapsed = 00:00:06 . Memory (MB): peak = 561.633 ; gain = 0.000
--- Verilog: Test Passed (Write 1 to tohost) ---
$stop called at time : 6243110 ps : File "E:/Projects/RISC-V_CPU/Pipelined_Processor/tb/tb_riscv.v" Line 98
  -> PASS
Running Test: rv32ui-p-sltiu.hex ...
INFO: [Simtcl 6-16] Simulation closed
Command: launch_simulation 
INFO: [Vivado 12-25911] Executing simulation for 'XSim' simulator
INFO: [Vivado 12-28535] Process started - Mon Jan  5 15:02:42 2026

INFO: [Vivado 12-12493] Simulation top is 'tb_riscv'
INFO: [Vivado 12-5698] Checking validity of IPs in the design for the 'XSim' simulator...
INFO: [Vivado 12-5682] Launching behavioral simulation in 'E:/Projects/FPGA/Pipelined_Processor/Pipelined_Processor.sim/sim_1/behav/xsim'
INFO: [Vivado 12-13660] Precompiled IP simulation library mode is enabled (default). The design IP libraries will be referenced from the compiled library path. Please note that if the precompiled version of the library is not found from the path or the IP is in locked state, then the library source files for these IPs will be compiled locally as part of the compile order.
INFO: [Vivado 12-4795] Using compiled simulation libraries for IPs
INFO: [SIM-utils-51] Simulation object is 'sim_1'
INFO: [SIM-utils-72] Using boost library from 'D:/AMDDesignTools/2025.2/Vivado/tps/boost_1_72_0'
INFO: [USF-XSim-7] Finding pre-compiled libraries...
INFO: [USF-XSim-11] File 'D:/AMDDesignTools/2025.2/Vivado/data/xsim/xsim.ini' copied to run dir:'E:/Projects/FPGA/Pipelined_Processor/Pipelined_Processor.sim/sim_1/behav/xsim'
INFO: [SIM-utils-54] Inspecting design source files for 'tb_riscv' in fileset 'sim_1'...
INFO: [SIM-utils-43] Exported 'E:/Projects/FPGA/Pipelined_Processor/Pipelined_Processor.sim/sim_1/behav/xsim/RAM.mif'
INFO: [SIM-utils-43] Exported 'E:/Projects/FPGA/Pipelined_Processor/Pipelined_Processor.sim/sim_1/behav/xsim/main.coe'
INFO: [SIM-utils-43] Exported 'E:/Projects/FPGA/Pipelined_Processor/Pipelined_Processor.sim/sim_1/behav/xsim/current_test.hex'
INFO: [USF-XSim-97] Finding global include files...
INFO: [USF-XSim-100] Fetching design files from 'sources_1'...(this may take a while)...
INFO: [USF-XSim-101] Fetching design files from 'sim_1'...
INFO: [USF-XSim-2] XSim::Compile design
INFO: [USF-XSim-61] Executing 'COMPILE and ANALYZE' step in 'E:/Projects/FPGA/Pipelined_Processor/Pipelined_Processor.sim/sim_1/behav/xsim'
"xvlog --incr --relax -prj tb_riscv_vlog.prj"
"xvhdl --incr --relax -prj tb_riscv_vhdl.prj"
INFO: [USF-XSim-69] 'compile' step finished in '3' seconds
INFO: [USF-XSim-3] XSim::Elaborate design
INFO: [USF-XSim-61] Executing 'ELABORATE' step in 'E:/Projects/FPGA/Pipelined_Processor/Pipelined_Processor.sim/sim_1/behav/xsim'
"xelab --incr --debug typical --relax --mt 2 -L xil_defaultlib -L blk_mem_gen_v8_4_12 -L axi_lite_ipif_v3_0_4 -L axi_uartlite_v2_0_39 -L unisims_ver -L unimacro_ver -L secureip -L xpm --snapshot tb_riscv_behav xil_defaultlib.tb_riscv xil_defaultlib.glbl -log elaborate.log"
Vivado Simulator v2025.2
Copyright 1986-2022 Xilinx, Inc. All Rights Reserved.
Copyright 2022-2025 Advanced Micro Devices, Inc. All Rights Reserved.
Running: D:/AMDDesignTools/2025.2/Vivado/bin/unwrapped/win64.o/xelab.exe --incr --debug typical --relax --mt 2 -L xil_defaultlib -L blk_mem_gen_v8_4_12 -L axi_lite_ipif_v3_0_4 -L axi_uartlite_v2_0_39 -L unisims_ver -L unimacro_ver -L secureip -L xpm --snapshot tb_riscv_behav xil_defaultlib.tb_riscv xil_defaultlib.glbl -log elaborate.log 
Using 2 slave threads.
Starting static elaboration
Pass Through NonSizing Optimizer
Completed static elaboration
INFO: [XSIM 43-4323] No Change in HDL. Linking previously generated obj files to create kernel
INFO: [USF-XSim-69] 'elaborate' step finished in '1' seconds
INFO: [USF-XSim-4] XSim::Simulate design
INFO: [USF-XSim-61] Executing 'SIMULATE' step in 'E:/Projects/FPGA/Pipelined_Processor/Pipelined_Processor.sim/sim_1/behav/xsim'
INFO: [USF-XSim-98] *** Running xsim
   with args "tb_riscv_behav -key {Behavioral:sim_1:Functional:tb_riscv} -tclbatch {tb_riscv.tcl} -view {E:/Projects/FPGA/Pipelined_Processor/Pipelined_Processor.sim/tb_riscv_behav.wcfg} -log {simulate.log}"
INFO: [USF-XSim-8] Loading simulator feature
Time resolution is 1 ps
open_wave_config E:/Projects/FPGA/Pipelined_Processor/Pipelined_Processor.sim/tb_riscv_behav.wcfg
source tb_riscv.tcl
## set curr_wave [current_wave_config]
## if { [string length $curr_wave] == 0 } {
##   if { [llength [get_objects]] > 0} {
##     add_wave /
##     set_property needs_save false [current_wave_config]
##   } else {
##      send_msg_id Add_Wave-1 WARNING "No top level signals found. Simulator will start without a wave window. If you want to open a wave window go to 'File->New Waveform Configuration' or type 'create_wave_config' in the TCL console."
##   }
## }
## run 20us
 Block Memory Generator module loading initial data...
 Block Memory Generator data initialization complete.
Block Memory Generator module tb_riscv.dut.mem.inst.native_mem_mapped_module.blk_mem_gen_v8_4_12_inst is using a behavioral model for simulation which will not precisely model memory collision behavior.
--- Verilog: Test Passed (Write 1 to tohost) ---
$stop called at time : 6131999 ps : File "E:/Projects/RISC-V_CPU/Pipelined_Processor/tb/tb_riscv.v" Line 98
INFO: [USF-XSim-96] XSim completed. Design snapshot 'tb_riscv_behav' loaded.
INFO: [USF-XSim-97] XSim simulation ran for 20us
launch_simulation: Time (s): cpu = 00:00:00 ; elapsed = 00:00:06 . Memory (MB): peak = 561.633 ; gain = 0.000
--- Verilog: Test Passed (Write 1 to tohost) ---
$stop called at time : 6243110 ps : File "E:/Projects/RISC-V_CPU/Pipelined_Processor/tb/tb_riscv.v" Line 98
  -> PASS
Running Test: rv32ui-p-sltu.hex ...
INFO: [Simtcl 6-16] Simulation closed
Command: launch_simulation 
INFO: [Vivado 12-25911] Executing simulation for 'XSim' simulator
INFO: [Vivado 12-28535] Process started - Mon Jan  5 15:02:48 2026

INFO: [Vivado 12-12493] Simulation top is 'tb_riscv'
INFO: [Vivado 12-5698] Checking validity of IPs in the design for the 'XSim' simulator...
INFO: [Vivado 12-5682] Launching behavioral simulation in 'E:/Projects/FPGA/Pipelined_Processor/Pipelined_Processor.sim/sim_1/behav/xsim'
INFO: [Vivado 12-13660] Precompiled IP simulation library mode is enabled (default). The design IP libraries will be referenced from the compiled library path. Please note that if the precompiled version of the library is not found from the path or the IP is in locked state, then the library source files for these IPs will be compiled locally as part of the compile order.
INFO: [Vivado 12-4795] Using compiled simulation libraries for IPs
INFO: [SIM-utils-51] Simulation object is 'sim_1'
INFO: [SIM-utils-72] Using boost library from 'D:/AMDDesignTools/2025.2/Vivado/tps/boost_1_72_0'
INFO: [USF-XSim-7] Finding pre-compiled libraries...
INFO: [USF-XSim-11] File 'D:/AMDDesignTools/2025.2/Vivado/data/xsim/xsim.ini' copied to run dir:'E:/Projects/FPGA/Pipelined_Processor/Pipelined_Processor.sim/sim_1/behav/xsim'
INFO: [SIM-utils-54] Inspecting design source files for 'tb_riscv' in fileset 'sim_1'...
INFO: [SIM-utils-43] Exported 'E:/Projects/FPGA/Pipelined_Processor/Pipelined_Processor.sim/sim_1/behav/xsim/RAM.mif'
INFO: [Common 17-14] Message 'SIM-utils 43' appears 100 times and further instances of the messages will be disabled. Use the Tcl command set_msg_config to change the current settings.
INFO: [USF-XSim-97] Finding global include files...
INFO: [USF-XSim-100] Fetching design files from 'sources_1'...(this may take a while)...
INFO: [USF-XSim-101] Fetching design files from 'sim_1'...
INFO: [USF-XSim-2] XSim::Compile design
INFO: [USF-XSim-61] Executing 'COMPILE and ANALYZE' step in 'E:/Projects/FPGA/Pipelined_Processor/Pipelined_Processor.sim/sim_1/behav/xsim'
INFO: [Common 17-14] Message 'USF-XSim 61' appears 100 times and further instances of the messages will be disabled. Use the Tcl command set_msg_config to change the current settings.
"xvlog --incr --relax -prj tb_riscv_vlog.prj"
"xvhdl --incr --relax -prj tb_riscv_vhdl.prj"
INFO: [USF-XSim-69] 'compile' step finished in '3' seconds
INFO: [USF-XSim-3] XSim::Elaborate design
"xelab --incr --debug typical --relax --mt 2 -L xil_defaultlib -L blk_mem_gen_v8_4_12 -L axi_lite_ipif_v3_0_4 -L axi_uartlite_v2_0_39 -L unisims_ver -L unimacro_ver -L secureip -L xpm --snapshot tb_riscv_behav xil_defaultlib.tb_riscv xil_defaultlib.glbl -log elaborate.log"
Vivado Simulator v2025.2
Copyright 1986-2022 Xilinx, Inc. All Rights Reserved.
Copyright 2022-2025 Advanced Micro Devices, Inc. All Rights Reserved.
Running: D:/AMDDesignTools/2025.2/Vivado/bin/unwrapped/win64.o/xelab.exe --incr --debug typical --relax --mt 2 -L xil_defaultlib -L blk_mem_gen_v8_4_12 -L axi_lite_ipif_v3_0_4 -L axi_uartlite_v2_0_39 -L unisims_ver -L unimacro_ver -L secureip -L xpm --snapshot tb_riscv_behav xil_defaultlib.tb_riscv xil_defaultlib.glbl -log elaborate.log 
Using 2 slave threads.
Starting static elaboration
Pass Through NonSizing Optimizer
Completed static elaboration
INFO: [XSIM 43-4323] No Change in HDL. Linking previously generated obj files to create kernel
INFO: [USF-XSim-69] 'elaborate' step finished in '1' seconds
INFO: [USF-XSim-4] XSim::Simulate design
INFO: [USF-XSim-98] *** Running xsim
   with args "tb_riscv_behav -key {Behavioral:sim_1:Functional:tb_riscv} -tclbatch {tb_riscv.tcl} -view {E:/Projects/FPGA/Pipelined_Processor/Pipelined_Processor.sim/tb_riscv_behav.wcfg} -log {simulate.log}"
INFO: [USF-XSim-8] Loading simulator feature
Time resolution is 1 ps
open_wave_config E:/Projects/FPGA/Pipelined_Processor/Pipelined_Processor.sim/tb_riscv_behav.wcfg
source tb_riscv.tcl
## set curr_wave [current_wave_config]
## if { [string length $curr_wave] == 0 } {
##   if { [llength [get_objects]] > 0} {
##     add_wave /
##     set_property needs_save false [current_wave_config]
##   } else {
##      send_msg_id Add_Wave-1 WARNING "No top level signals found. Simulator will start without a wave window. If you want to open a wave window go to 'File->New Waveform Configuration' or type 'create_wave_config' in the TCL console."
##   }
## }
## run 20us
 Block Memory Generator module loading initial data...
 Block Memory Generator data initialization complete.
Block Memory Generator module tb_riscv.dut.mem.inst.native_mem_mapped_module.blk_mem_gen_v8_4_12_inst is using a behavioral model for simulation which will not precisely model memory collision behavior.
--- Verilog: Test Passed (Write 1 to tohost) ---
$stop called at time : 9590332 ps : File "E:/Projects/RISC-V_CPU/Pipelined_Processor/tb/tb_riscv.v" Line 98
INFO: [USF-XSim-96] XSim completed. Design snapshot 'tb_riscv_behav' loaded.
INFO: [USF-XSim-97] XSim simulation ran for 20us
launch_simulation: Time (s): cpu = 00:00:01 ; elapsed = 00:00:06 . Memory (MB): peak = 561.633 ; gain = 0.000
--- Verilog: Test Passed (Write 1 to tohost) ---
$stop called at time : 9701443 ps : File "E:/Projects/RISC-V_CPU/Pipelined_Processor/tb/tb_riscv.v" Line 98
  -> PASS
Running Test: rv32ui-p-sra.hex ...
INFO: [Simtcl 6-16] Simulation closed
Command: launch_simulation 
INFO: [Vivado 12-25911] Executing simulation for 'XSim' simulator
INFO: [Vivado 12-28535] Process started - Mon Jan  5 15:02:55 2026

INFO: [Vivado 12-12493] Simulation top is 'tb_riscv'
INFO: [Vivado 12-5698] Checking validity of IPs in the design for the 'XSim' simulator...
INFO: [Vivado 12-5682] Launching behavioral simulation in 'E:/Projects/FPGA/Pipelined_Processor/Pipelined_Processor.sim/sim_1/behav/xsim'
INFO: [Vivado 12-13660] Precompiled IP simulation library mode is enabled (default). The design IP libraries will be referenced from the compiled library path. Please note that if the precompiled version of the library is not found from the path or the IP is in locked state, then the library source files for these IPs will be compiled locally as part of the compile order.
INFO: [Vivado 12-4795] Using compiled simulation libraries for IPs
INFO: [SIM-utils-51] Simulation object is 'sim_1'
INFO: [SIM-utils-72] Using boost library from 'D:/AMDDesignTools/2025.2/Vivado/tps/boost_1_72_0'
INFO: [USF-XSim-7] Finding pre-compiled libraries...
INFO: [USF-XSim-11] File 'D:/AMDDesignTools/2025.2/Vivado/data/xsim/xsim.ini' copied to run dir:'E:/Projects/FPGA/Pipelined_Processor/Pipelined_Processor.sim/sim_1/behav/xsim'
INFO: [SIM-utils-54] Inspecting design source files for 'tb_riscv' in fileset 'sim_1'...
INFO: [USF-XSim-97] Finding global include files...
INFO: [USF-XSim-100] Fetching design files from 'sources_1'...(this may take a while)...
INFO: [USF-XSim-101] Fetching design files from 'sim_1'...
INFO: [USF-XSim-2] XSim::Compile design
"xvlog --incr --relax -prj tb_riscv_vlog.prj"
"xvhdl --incr --relax -prj tb_riscv_vhdl.prj"
INFO: [USF-XSim-69] 'compile' step finished in '2' seconds
INFO: [USF-XSim-3] XSim::Elaborate design
"xelab --incr --debug typical --relax --mt 2 -L xil_defaultlib -L blk_mem_gen_v8_4_12 -L axi_lite_ipif_v3_0_4 -L axi_uartlite_v2_0_39 -L unisims_ver -L unimacro_ver -L secureip -L xpm --snapshot tb_riscv_behav xil_defaultlib.tb_riscv xil_defaultlib.glbl -log elaborate.log"
Vivado Simulator v2025.2
Copyright 1986-2022 Xilinx, Inc. All Rights Reserved.
Copyright 2022-2025 Advanced Micro Devices, Inc. All Rights Reserved.
Running: D:/AMDDesignTools/2025.2/Vivado/bin/unwrapped/win64.o/xelab.exe --incr --debug typical --relax --mt 2 -L xil_defaultlib -L blk_mem_gen_v8_4_12 -L axi_lite_ipif_v3_0_4 -L axi_uartlite_v2_0_39 -L unisims_ver -L unimacro_ver -L secureip -L xpm --snapshot tb_riscv_behav xil_defaultlib.tb_riscv xil_defaultlib.glbl -log elaborate.log 
Using 2 slave threads.
Starting static elaboration
Pass Through NonSizing Optimizer
Completed static elaboration
INFO: [XSIM 43-4323] No Change in HDL. Linking previously generated obj files to create kernel
INFO: [USF-XSim-69] 'elaborate' step finished in '2' seconds
INFO: [USF-XSim-4] XSim::Simulate design
INFO: [USF-XSim-98] *** Running xsim
   with args "tb_riscv_behav -key {Behavioral:sim_1:Functional:tb_riscv} -tclbatch {tb_riscv.tcl} -view {E:/Projects/FPGA/Pipelined_Processor/Pipelined_Processor.sim/tb_riscv_behav.wcfg} -log {simulate.log}"
INFO: [USF-XSim-8] Loading simulator feature
Time resolution is 1 ps
open_wave_config E:/Projects/FPGA/Pipelined_Processor/Pipelined_Processor.sim/tb_riscv_behav.wcfg
source tb_riscv.tcl
## set curr_wave [current_wave_config]
## if { [string length $curr_wave] == 0 } {
##   if { [llength [get_objects]] > 0} {
##     add_wave /
##     set_property needs_save false [current_wave_config]
##   } else {
##      send_msg_id Add_Wave-1 WARNING "No top level signals found. Simulator will start without a wave window. If you want to open a wave window go to 'File->New Waveform Configuration' or type 'create_wave_config' in the TCL console."
##   }
## }
## run 20us
 Block Memory Generator module loading initial data...
 Block Memory Generator data initialization complete.
Block Memory Generator module tb_riscv.dut.mem.inst.native_mem_mapped_module.blk_mem_gen_v8_4_12_inst is using a behavioral model for simulation which will not precisely model memory collision behavior.
--- Verilog: Test Passed (Write 1 to tohost) ---
$stop called at time : 10326443 ps : File "E:/Projects/RISC-V_CPU/Pipelined_Processor/tb/tb_riscv.v" Line 98
INFO: [USF-XSim-96] XSim completed. Design snapshot 'tb_riscv_behav' loaded.
INFO: [USF-XSim-97] XSim simulation ran for 20us
launch_simulation: Time (s): cpu = 00:00:00 ; elapsed = 00:00:06 . Memory (MB): peak = 561.633 ; gain = 0.000
--- Verilog: Test Passed (Write 1 to tohost) ---
$stop called at time : 10437554 ps : File "E:/Projects/RISC-V_CPU/Pipelined_Processor/tb/tb_riscv.v" Line 98
  -> PASS
Running Test: rv32ui-p-srai.hex ...
INFO: [Simtcl 6-16] Simulation closed
Command: launch_simulation 
INFO: [Vivado 12-25911] Executing simulation for 'XSim' simulator
INFO: [Vivado 12-28535] Process started - Mon Jan  5 15:03:02 2026

INFO: [Vivado 12-12493] Simulation top is 'tb_riscv'
INFO: [Vivado 12-5698] Checking validity of IPs in the design for the 'XSim' simulator...
INFO: [Vivado 12-5682] Launching behavioral simulation in 'E:/Projects/FPGA/Pipelined_Processor/Pipelined_Processor.sim/sim_1/behav/xsim'
INFO: [Vivado 12-13660] Precompiled IP simulation library mode is enabled (default). The design IP libraries will be referenced from the compiled library path. Please note that if the precompiled version of the library is not found from the path or the IP is in locked state, then the library source files for these IPs will be compiled locally as part of the compile order.
INFO: [Vivado 12-4795] Using compiled simulation libraries for IPs
INFO: [SIM-utils-51] Simulation object is 'sim_1'
INFO: [SIM-utils-72] Using boost library from 'D:/AMDDesignTools/2025.2/Vivado/tps/boost_1_72_0'
INFO: [USF-XSim-7] Finding pre-compiled libraries...
INFO: [USF-XSim-11] File 'D:/AMDDesignTools/2025.2/Vivado/data/xsim/xsim.ini' copied to run dir:'E:/Projects/FPGA/Pipelined_Processor/Pipelined_Processor.sim/sim_1/behav/xsim'
INFO: [SIM-utils-54] Inspecting design source files for 'tb_riscv' in fileset 'sim_1'...
INFO: [USF-XSim-97] Finding global include files...
INFO: [USF-XSim-100] Fetching design files from 'sources_1'...(this may take a while)...
INFO: [USF-XSim-101] Fetching design files from 'sim_1'...
INFO: [USF-XSim-2] XSim::Compile design
"xvlog --incr --relax -prj tb_riscv_vlog.prj"
"xvhdl --incr --relax -prj tb_riscv_vhdl.prj"
INFO: [USF-XSim-69] 'compile' step finished in '2' seconds
INFO: [USF-XSim-3] XSim::Elaborate design
"xelab --incr --debug typical --relax --mt 2 -L xil_defaultlib -L blk_mem_gen_v8_4_12 -L axi_lite_ipif_v3_0_4 -L axi_uartlite_v2_0_39 -L unisims_ver -L unimacro_ver -L secureip -L xpm --snapshot tb_riscv_behav xil_defaultlib.tb_riscv xil_defaultlib.glbl -log elaborate.log"
Vivado Simulator v2025.2
Copyright 1986-2022 Xilinx, Inc. All Rights Reserved.
Copyright 2022-2025 Advanced Micro Devices, Inc. All Rights Reserved.
Running: D:/AMDDesignTools/2025.2/Vivado/bin/unwrapped/win64.o/xelab.exe --incr --debug typical --relax --mt 2 -L xil_defaultlib -L blk_mem_gen_v8_4_12 -L axi_lite_ipif_v3_0_4 -L axi_uartlite_v2_0_39 -L unisims_ver -L unimacro_ver -L secureip -L xpm --snapshot tb_riscv_behav xil_defaultlib.tb_riscv xil_defaultlib.glbl -log elaborate.log 
Using 2 slave threads.
Starting static elaboration
Pass Through NonSizing Optimizer
Completed static elaboration
INFO: [XSIM 43-4323] No Change in HDL. Linking previously generated obj files to create kernel
INFO: [USF-XSim-69] 'elaborate' step finished in '2' seconds
INFO: [USF-XSim-4] XSim::Simulate design
INFO: [USF-XSim-98] *** Running xsim
   with args "tb_riscv_behav -key {Behavioral:sim_1:Functional:tb_riscv} -tclbatch {tb_riscv.tcl} -view {E:/Projects/FPGA/Pipelined_Processor/Pipelined_Processor.sim/tb_riscv_behav.wcfg} -log {simulate.log}"
INFO: [USF-XSim-8] Loading simulator feature
Time resolution is 1 ps
open_wave_config E:/Projects/FPGA/Pipelined_Processor/Pipelined_Processor.sim/tb_riscv_behav.wcfg
source tb_riscv.tcl
## set curr_wave [current_wave_config]
## if { [string length $curr_wave] == 0 } {
##   if { [llength [get_objects]] > 0} {
##     add_wave /
##     set_property needs_save false [current_wave_config]
##   } else {
##      send_msg_id Add_Wave-1 WARNING "No top level signals found. Simulator will start without a wave window. If you want to open a wave window go to 'File->New Waveform Configuration' or type 'create_wave_config' in the TCL console."
##   }
## }
## run 20us
 Block Memory Generator module loading initial data...
 Block Memory Generator data initialization complete.
Block Memory Generator module tb_riscv.dut.mem.inst.native_mem_mapped_module.blk_mem_gen_v8_4_12_inst is using a behavioral model for simulation which will not precisely model memory collision behavior.
--- Verilog: Test Passed (Write 1 to tohost) ---
$stop called at time : 6395888 ps : File "E:/Projects/RISC-V_CPU/Pipelined_Processor/tb/tb_riscv.v" Line 98
INFO: [USF-XSim-96] XSim completed. Design snapshot 'tb_riscv_behav' loaded.
INFO: [USF-XSim-97] XSim simulation ran for 20us
launch_simulation: Time (s): cpu = 00:00:01 ; elapsed = 00:00:06 . Memory (MB): peak = 561.633 ; gain = 0.000
--- Verilog: Test Passed (Write 1 to tohost) ---
$stop called at time : 6506999 ps : File "E:/Projects/RISC-V_CPU/Pipelined_Processor/tb/tb_riscv.v" Line 98
  -> PASS
Running Test: rv32ui-p-srl.hex ...
INFO: [Simtcl 6-16] Simulation closed
Command: launch_simulation 
INFO: [Vivado 12-25911] Executing simulation for 'XSim' simulator
INFO: [Vivado 12-28535] Process started - Mon Jan  5 15:03:09 2026

INFO: [Vivado 12-12493] Simulation top is 'tb_riscv'
INFO: [Vivado 12-5698] Checking validity of IPs in the design for the 'XSim' simulator...
INFO: [Vivado 12-5682] Launching behavioral simulation in 'E:/Projects/FPGA/Pipelined_Processor/Pipelined_Processor.sim/sim_1/behav/xsim'
INFO: [Vivado 12-13660] Precompiled IP simulation library mode is enabled (default). The design IP libraries will be referenced from the compiled library path. Please note that if the precompiled version of the library is not found from the path or the IP is in locked state, then the library source files for these IPs will be compiled locally as part of the compile order.
INFO: [Vivado 12-4795] Using compiled simulation libraries for IPs
INFO: [SIM-utils-51] Simulation object is 'sim_1'
INFO: [SIM-utils-72] Using boost library from 'D:/AMDDesignTools/2025.2/Vivado/tps/boost_1_72_0'
INFO: [USF-XSim-7] Finding pre-compiled libraries...
INFO: [USF-XSim-11] File 'D:/AMDDesignTools/2025.2/Vivado/data/xsim/xsim.ini' copied to run dir:'E:/Projects/FPGA/Pipelined_Processor/Pipelined_Processor.sim/sim_1/behav/xsim'
INFO: [SIM-utils-54] Inspecting design source files for 'tb_riscv' in fileset 'sim_1'...
INFO: [USF-XSim-97] Finding global include files...
INFO: [USF-XSim-100] Fetching design files from 'sources_1'...(this may take a while)...
INFO: [USF-XSim-101] Fetching design files from 'sim_1'...
INFO: [USF-XSim-2] XSim::Compile design
"xvlog --incr --relax -prj tb_riscv_vlog.prj"
"xvhdl --incr --relax -prj tb_riscv_vhdl.prj"
INFO: [USF-XSim-69] 'compile' step finished in '2' seconds
INFO: [USF-XSim-3] XSim::Elaborate design
"xelab --incr --debug typical --relax --mt 2 -L xil_defaultlib -L blk_mem_gen_v8_4_12 -L axi_lite_ipif_v3_0_4 -L axi_uartlite_v2_0_39 -L unisims_ver -L unimacro_ver -L secureip -L xpm --snapshot tb_riscv_behav xil_defaultlib.tb_riscv xil_defaultlib.glbl -log elaborate.log"
Vivado Simulator v2025.2
Copyright 1986-2022 Xilinx, Inc. All Rights Reserved.
Copyright 2022-2025 Advanced Micro Devices, Inc. All Rights Reserved.
Running: D:/AMDDesignTools/2025.2/Vivado/bin/unwrapped/win64.o/xelab.exe --incr --debug typical --relax --mt 2 -L xil_defaultlib -L blk_mem_gen_v8_4_12 -L axi_lite_ipif_v3_0_4 -L axi_uartlite_v2_0_39 -L unisims_ver -L unimacro_ver -L secureip -L xpm --snapshot tb_riscv_behav xil_defaultlib.tb_riscv xil_defaultlib.glbl -log elaborate.log 
Using 2 slave threads.
Starting static elaboration
Pass Through NonSizing Optimizer
Completed static elaboration
INFO: [XSIM 43-4323] No Change in HDL. Linking previously generated obj files to create kernel
INFO: [USF-XSim-69] 'elaborate' step finished in '2' seconds
INFO: [USF-XSim-4] XSim::Simulate design
INFO: [USF-XSim-98] *** Running xsim
   with args "tb_riscv_behav -key {Behavioral:sim_1:Functional:tb_riscv} -tclbatch {tb_riscv.tcl} -view {E:/Projects/FPGA/Pipelined_Processor/Pipelined_Processor.sim/tb_riscv_behav.wcfg} -log {simulate.log}"
INFO: [USF-XSim-8] Loading simulator feature
Time resolution is 1 ps
open_wave_config E:/Projects/FPGA/Pipelined_Processor/Pipelined_Processor.sim/tb_riscv_behav.wcfg
source tb_riscv.tcl
## set curr_wave [current_wave_config]
## if { [string length $curr_wave] == 0 } {
##   if { [llength [get_objects]] > 0} {
##     add_wave /
##     set_property needs_save false [current_wave_config]
##   } else {
##      send_msg_id Add_Wave-1 WARNING "No top level signals found. Simulator will start without a wave window. If you want to open a wave window go to 'File->New Waveform Configuration' or type 'create_wave_config' in the TCL console."
##   }
## }
## run 20us
 Block Memory Generator module loading initial data...
 Block Memory Generator data initialization complete.
Block Memory Generator module tb_riscv.dut.mem.inst.native_mem_mapped_module.blk_mem_gen_v8_4_12_inst is using a behavioral model for simulation which will not precisely model memory collision behavior.
--- Verilog: Test Passed (Write 1 to tohost) ---
$stop called at time : 10243110 ps : File "E:/Projects/RISC-V_CPU/Pipelined_Processor/tb/tb_riscv.v" Line 98
INFO: [USF-XSim-96] XSim completed. Design snapshot 'tb_riscv_behav' loaded.
INFO: [USF-XSim-97] XSim simulation ran for 20us
launch_simulation: Time (s): cpu = 00:00:01 ; elapsed = 00:00:06 . Memory (MB): peak = 561.633 ; gain = 0.000
--- Verilog: Test Passed (Write 1 to tohost) ---
$stop called at time : 10354221 ps : File "E:/Projects/RISC-V_CPU/Pipelined_Processor/tb/tb_riscv.v" Line 98
  -> PASS
Running Test: rv32ui-p-srli.hex ...
INFO: [Simtcl 6-16] Simulation closed
Command: launch_simulation 
INFO: [Vivado 12-25911] Executing simulation for 'XSim' simulator
INFO: [Vivado 12-28535] Process started - Mon Jan  5 15:03:16 2026

INFO: [Vivado 12-12493] Simulation top is 'tb_riscv'
INFO: [Vivado 12-5698] Checking validity of IPs in the design for the 'XSim' simulator...
INFO: [Vivado 12-5682] Launching behavioral simulation in 'E:/Projects/FPGA/Pipelined_Processor/Pipelined_Processor.sim/sim_1/behav/xsim'
INFO: [Vivado 12-13660] Precompiled IP simulation library mode is enabled (default). The design IP libraries will be referenced from the compiled library path. Please note that if the precompiled version of the library is not found from the path or the IP is in locked state, then the library source files for these IPs will be compiled locally as part of the compile order.
INFO: [Vivado 12-4795] Using compiled simulation libraries for IPs
INFO: [SIM-utils-51] Simulation object is 'sim_1'
INFO: [SIM-utils-72] Using boost library from 'D:/AMDDesignTools/2025.2/Vivado/tps/boost_1_72_0'
INFO: [USF-XSim-7] Finding pre-compiled libraries...
INFO: [USF-XSim-11] File 'D:/AMDDesignTools/2025.2/Vivado/data/xsim/xsim.ini' copied to run dir:'E:/Projects/FPGA/Pipelined_Processor/Pipelined_Processor.sim/sim_1/behav/xsim'
INFO: [SIM-utils-54] Inspecting design source files for 'tb_riscv' in fileset 'sim_1'...
INFO: [USF-XSim-97] Finding global include files...
INFO: [USF-XSim-100] Fetching design files from 'sources_1'...(this may take a while)...
INFO: [USF-XSim-101] Fetching design files from 'sim_1'...
INFO: [USF-XSim-2] XSim::Compile design
"xvlog --incr --relax -prj tb_riscv_vlog.prj"
"xvhdl --incr --relax -prj tb_riscv_vhdl.prj"
INFO: [USF-XSim-69] 'compile' step finished in '3' seconds
INFO: [USF-XSim-3] XSim::Elaborate design
"xelab --incr --debug typical --relax --mt 2 -L xil_defaultlib -L blk_mem_gen_v8_4_12 -L axi_lite_ipif_v3_0_4 -L axi_uartlite_v2_0_39 -L unisims_ver -L unimacro_ver -L secureip -L xpm --snapshot tb_riscv_behav xil_defaultlib.tb_riscv xil_defaultlib.glbl -log elaborate.log"
Vivado Simulator v2025.2
Copyright 1986-2022 Xilinx, Inc. All Rights Reserved.
Copyright 2022-2025 Advanced Micro Devices, Inc. All Rights Reserved.
Running: D:/AMDDesignTools/2025.2/Vivado/bin/unwrapped/win64.o/xelab.exe --incr --debug typical --relax --mt 2 -L xil_defaultlib -L blk_mem_gen_v8_4_12 -L axi_lite_ipif_v3_0_4 -L axi_uartlite_v2_0_39 -L unisims_ver -L unimacro_ver -L secureip -L xpm --snapshot tb_riscv_behav xil_defaultlib.tb_riscv xil_defaultlib.glbl -log elaborate.log 
Using 2 slave threads.
Starting static elaboration
Pass Through NonSizing Optimizer
Completed static elaboration
INFO: [XSIM 43-4323] No Change in HDL. Linking previously generated obj files to create kernel
INFO: [USF-XSim-69] 'elaborate' step finished in '1' seconds
INFO: [USF-XSim-4] XSim::Simulate design
INFO: [USF-XSim-98] *** Running xsim
   with args "tb_riscv_behav -key {Behavioral:sim_1:Functional:tb_riscv} -tclbatch {tb_riscv.tcl} -view {E:/Projects/FPGA/Pipelined_Processor/Pipelined_Processor.sim/tb_riscv_behav.wcfg} -log {simulate.log}"
INFO: [USF-XSim-8] Loading simulator feature
Time resolution is 1 ps
open_wave_config E:/Projects/FPGA/Pipelined_Processor/Pipelined_Processor.sim/tb_riscv_behav.wcfg
source tb_riscv.tcl
## set curr_wave [current_wave_config]
## if { [string length $curr_wave] == 0 } {
##   if { [llength [get_objects]] > 0} {
##     add_wave /
##     set_property needs_save false [current_wave_config]
##   } else {
##      send_msg_id Add_Wave-1 WARNING "No top level signals found. Simulator will start without a wave window. If you want to open a wave window go to 'File->New Waveform Configuration' or type 'create_wave_config' in the TCL console."
##   }
## }
## run 20us
 Block Memory Generator module loading initial data...
 Block Memory Generator data initialization complete.
Block Memory Generator module tb_riscv.dut.mem.inst.native_mem_mapped_module.blk_mem_gen_v8_4_12_inst is using a behavioral model for simulation which will not precisely model memory collision behavior.
--- Verilog: Test Passed (Write 1 to tohost) ---
$stop called at time : 6312555 ps : File "E:/Projects/RISC-V_CPU/Pipelined_Processor/tb/tb_riscv.v" Line 98
INFO: [USF-XSim-96] XSim completed. Design snapshot 'tb_riscv_behav' loaded.
INFO: [USF-XSim-97] XSim simulation ran for 20us
launch_simulation: Time (s): cpu = 00:00:00 ; elapsed = 00:00:06 . Memory (MB): peak = 561.633 ; gain = 0.000
--- Verilog: Test Passed (Write 1 to tohost) ---
$stop called at time : 6423666 ps : File "E:/Projects/RISC-V_CPU/Pipelined_Processor/tb/tb_riscv.v" Line 98
  -> PASS
Running Test: rv32ui-p-st_ld.hex ...
INFO: [Simtcl 6-16] Simulation closed
Command: launch_simulation 
INFO: [Vivado 12-25911] Executing simulation for 'XSim' simulator
INFO: [Vivado 12-28535] Process started - Mon Jan  5 15:03:22 2026

INFO: [Vivado 12-12493] Simulation top is 'tb_riscv'
INFO: [Vivado 12-5698] Checking validity of IPs in the design for the 'XSim' simulator...
INFO: [Vivado 12-5682] Launching behavioral simulation in 'E:/Projects/FPGA/Pipelined_Processor/Pipelined_Processor.sim/sim_1/behav/xsim'
INFO: [Vivado 12-13660] Precompiled IP simulation library mode is enabled (default). The design IP libraries will be referenced from the compiled library path. Please note that if the precompiled version of the library is not found from the path or the IP is in locked state, then the library source files for these IPs will be compiled locally as part of the compile order.
INFO: [Vivado 12-4795] Using compiled simulation libraries for IPs
INFO: [SIM-utils-51] Simulation object is 'sim_1'
INFO: [SIM-utils-72] Using boost library from 'D:/AMDDesignTools/2025.2/Vivado/tps/boost_1_72_0'
INFO: [USF-XSim-7] Finding pre-compiled libraries...
INFO: [USF-XSim-11] File 'D:/AMDDesignTools/2025.2/Vivado/data/xsim/xsim.ini' copied to run dir:'E:/Projects/FPGA/Pipelined_Processor/Pipelined_Processor.sim/sim_1/behav/xsim'
INFO: [SIM-utils-54] Inspecting design source files for 'tb_riscv' in fileset 'sim_1'...
INFO: [USF-XSim-97] Finding global include files...
INFO: [USF-XSim-100] Fetching design files from 'sources_1'...(this may take a while)...
INFO: [USF-XSim-101] Fetching design files from 'sim_1'...
INFO: [USF-XSim-2] XSim::Compile design
"xvlog --incr --relax -prj tb_riscv_vlog.prj"
"xvhdl --incr --relax -prj tb_riscv_vhdl.prj"
INFO: [USF-XSim-69] 'compile' step finished in '3' seconds
INFO: [USF-XSim-3] XSim::Elaborate design
"xelab --incr --debug typical --relax --mt 2 -L xil_defaultlib -L blk_mem_gen_v8_4_12 -L axi_lite_ipif_v3_0_4 -L axi_uartlite_v2_0_39 -L unisims_ver -L unimacro_ver -L secureip -L xpm --snapshot tb_riscv_behav xil_defaultlib.tb_riscv xil_defaultlib.glbl -log elaborate.log"
Vivado Simulator v2025.2
Copyright 1986-2022 Xilinx, Inc. All Rights Reserved.
Copyright 2022-2025 Advanced Micro Devices, Inc. All Rights Reserved.
Running: D:/AMDDesignTools/2025.2/Vivado/bin/unwrapped/win64.o/xelab.exe --incr --debug typical --relax --mt 2 -L xil_defaultlib -L blk_mem_gen_v8_4_12 -L axi_lite_ipif_v3_0_4 -L axi_uartlite_v2_0_39 -L unisims_ver -L unimacro_ver -L secureip -L xpm --snapshot tb_riscv_behav xil_defaultlib.tb_riscv xil_defaultlib.glbl -log elaborate.log 
Using 2 slave threads.
Starting static elaboration
Pass Through NonSizing Optimizer
Completed static elaboration
INFO: [XSIM 43-4323] No Change in HDL. Linking previously generated obj files to create kernel
INFO: [USF-XSim-69] 'elaborate' step finished in '1' seconds
INFO: [USF-XSim-4] XSim::Simulate design
INFO: [USF-XSim-98] *** Running xsim
   with args "tb_riscv_behav -key {Behavioral:sim_1:Functional:tb_riscv} -tclbatch {tb_riscv.tcl} -view {E:/Projects/FPGA/Pipelined_Processor/Pipelined_Processor.sim/tb_riscv_behav.wcfg} -log {simulate.log}"
INFO: [USF-XSim-8] Loading simulator feature
Time resolution is 1 ps
open_wave_config E:/Projects/FPGA/Pipelined_Processor/Pipelined_Processor.sim/tb_riscv_behav.wcfg
source tb_riscv.tcl
## set curr_wave [current_wave_config]
## if { [string length $curr_wave] == 0 } {
##   if { [llength [get_objects]] > 0} {
##     add_wave /
##     set_property needs_save false [current_wave_config]
##   } else {
##      send_msg_id Add_Wave-1 WARNING "No top level signals found. Simulator will start without a wave window. If you want to open a wave window go to 'File->New Waveform Configuration' or type 'create_wave_config' in the TCL console."
##   }
## }
## run 20us
 Block Memory Generator module loading initial data...
 Block Memory Generator data initialization complete.
Block Memory Generator module tb_riscv.dut.mem.inst.native_mem_mapped_module.blk_mem_gen_v8_4_12_inst is using a behavioral model for simulation which will not precisely model memory collision behavior.
--- Verilog: Test Passed (Write 1 to tohost) ---
$stop called at time : 10270888 ps : File "E:/Projects/RISC-V_CPU/Pipelined_Processor/tb/tb_riscv.v" Line 98
INFO: [USF-XSim-96] XSim completed. Design snapshot 'tb_riscv_behav' loaded.
INFO: [USF-XSim-97] XSim simulation ran for 20us
launch_simulation: Time (s): cpu = 00:00:01 ; elapsed = 00:00:06 . Memory (MB): peak = 561.633 ; gain = 0.000
--- Verilog: Test Passed (Write 1 to tohost) ---
$stop called at time : 10381999 ps : File "E:/Projects/RISC-V_CPU/Pipelined_Processor/tb/tb_riscv.v" Line 98
  -> PASS
Running Test: rv32ui-p-sub.hex ...
INFO: [Simtcl 6-16] Simulation closed
Command: launch_simulation 
INFO: [Vivado 12-25911] Executing simulation for 'XSim' simulator
INFO: [Vivado 12-28535] Process started - Mon Jan  5 15:03:29 2026

INFO: [Vivado 12-12493] Simulation top is 'tb_riscv'
INFO: [Vivado 12-5698] Checking validity of IPs in the design for the 'XSim' simulator...
INFO: [Vivado 12-5682] Launching behavioral simulation in 'E:/Projects/FPGA/Pipelined_Processor/Pipelined_Processor.sim/sim_1/behav/xsim'
INFO: [Vivado 12-13660] Precompiled IP simulation library mode is enabled (default). The design IP libraries will be referenced from the compiled library path. Please note that if the precompiled version of the library is not found from the path or the IP is in locked state, then the library source files for these IPs will be compiled locally as part of the compile order.
INFO: [Vivado 12-4795] Using compiled simulation libraries for IPs
INFO: [SIM-utils-51] Simulation object is 'sim_1'
INFO: [SIM-utils-72] Using boost library from 'D:/AMDDesignTools/2025.2/Vivado/tps/boost_1_72_0'
INFO: [USF-XSim-7] Finding pre-compiled libraries...
INFO: [USF-XSim-11] File 'D:/AMDDesignTools/2025.2/Vivado/data/xsim/xsim.ini' copied to run dir:'E:/Projects/FPGA/Pipelined_Processor/Pipelined_Processor.sim/sim_1/behav/xsim'
INFO: [SIM-utils-54] Inspecting design source files for 'tb_riscv' in fileset 'sim_1'...
INFO: [USF-XSim-97] Finding global include files...
INFO: [USF-XSim-100] Fetching design files from 'sources_1'...(this may take a while)...
INFO: [USF-XSim-101] Fetching design files from 'sim_1'...
INFO: [USF-XSim-2] XSim::Compile design
"xvlog --incr --relax -prj tb_riscv_vlog.prj"
"xvhdl --incr --relax -prj tb_riscv_vhdl.prj"
INFO: [USF-XSim-69] 'compile' step finished in '2' seconds
INFO: [USF-XSim-3] XSim::Elaborate design
"xelab --incr --debug typical --relax --mt 2 -L xil_defaultlib -L blk_mem_gen_v8_4_12 -L axi_lite_ipif_v3_0_4 -L axi_uartlite_v2_0_39 -L unisims_ver -L unimacro_ver -L secureip -L xpm --snapshot tb_riscv_behav xil_defaultlib.tb_riscv xil_defaultlib.glbl -log elaborate.log"
Vivado Simulator v2025.2
Copyright 1986-2022 Xilinx, Inc. All Rights Reserved.
Copyright 2022-2025 Advanced Micro Devices, Inc. All Rights Reserved.
Running: D:/AMDDesignTools/2025.2/Vivado/bin/unwrapped/win64.o/xelab.exe --incr --debug typical --relax --mt 2 -L xil_defaultlib -L blk_mem_gen_v8_4_12 -L axi_lite_ipif_v3_0_4 -L axi_uartlite_v2_0_39 -L unisims_ver -L unimacro_ver -L secureip -L xpm --snapshot tb_riscv_behav xil_defaultlib.tb_riscv xil_defaultlib.glbl -log elaborate.log 
Using 2 slave threads.
Starting static elaboration
Pass Through NonSizing Optimizer
Completed static elaboration
INFO: [XSIM 43-4323] No Change in HDL. Linking previously generated obj files to create kernel
INFO: [USF-XSim-69] 'elaborate' step finished in '2' seconds
INFO: [USF-XSim-4] XSim::Simulate design
INFO: [USF-XSim-98] *** Running xsim
   with args "tb_riscv_behav -key {Behavioral:sim_1:Functional:tb_riscv} -tclbatch {tb_riscv.tcl} -view {E:/Projects/FPGA/Pipelined_Processor/Pipelined_Processor.sim/tb_riscv_behav.wcfg} -log {simulate.log}"
INFO: [USF-XSim-8] Loading simulator feature
Time resolution is 1 ps
open_wave_config E:/Projects/FPGA/Pipelined_Processor/Pipelined_Processor.sim/tb_riscv_behav.wcfg
source tb_riscv.tcl
## set curr_wave [current_wave_config]
## if { [string length $curr_wave] == 0 } {
##   if { [llength [get_objects]] > 0} {
##     add_wave /
##     set_property needs_save false [current_wave_config]
##   } else {
##      send_msg_id Add_Wave-1 WARNING "No top level signals found. Simulator will start without a wave window. If you want to open a wave window go to 'File->New Waveform Configuration' or type 'create_wave_config' in the TCL console."
##   }
## }
## run 20us
 Block Memory Generator module loading initial data...
 Block Memory Generator data initialization complete.
Block Memory Generator module tb_riscv.dut.mem.inst.native_mem_mapped_module.blk_mem_gen_v8_4_12_inst is using a behavioral model for simulation which will not precisely model memory collision behavior.
--- Verilog: Test Passed (Write 1 to tohost) ---
$stop called at time : 9562554 ps : File "E:/Projects/RISC-V_CPU/Pipelined_Processor/tb/tb_riscv.v" Line 98
INFO: [USF-XSim-96] XSim completed. Design snapshot 'tb_riscv_behav' loaded.
INFO: [USF-XSim-97] XSim simulation ran for 20us
launch_simulation: Time (s): cpu = 00:00:00 ; elapsed = 00:00:06 . Memory (MB): peak = 561.633 ; gain = 0.000
--- Verilog: Test Passed (Write 1 to tohost) ---
$stop called at time : 9673665 ps : File "E:/Projects/RISC-V_CPU/Pipelined_Processor/tb/tb_riscv.v" Line 98
  -> PASS
Running Test: rv32ui-p-sw.hex ...
INFO: [Simtcl 6-16] Simulation closed
Command: launch_simulation 
INFO: [Vivado 12-25911] Executing simulation for 'XSim' simulator
INFO: [Vivado 12-28535] Process started - Mon Jan  5 15:03:36 2026

INFO: [Vivado 12-12493] Simulation top is 'tb_riscv'
INFO: [Vivado 12-5698] Checking validity of IPs in the design for the 'XSim' simulator...
INFO: [Vivado 12-5682] Launching behavioral simulation in 'E:/Projects/FPGA/Pipelined_Processor/Pipelined_Processor.sim/sim_1/behav/xsim'
INFO: [Vivado 12-13660] Precompiled IP simulation library mode is enabled (default). The design IP libraries will be referenced from the compiled library path. Please note that if the precompiled version of the library is not found from the path or the IP is in locked state, then the library source files for these IPs will be compiled locally as part of the compile order.
INFO: [Vivado 12-4795] Using compiled simulation libraries for IPs
INFO: [SIM-utils-51] Simulation object is 'sim_1'
INFO: [SIM-utils-72] Using boost library from 'D:/AMDDesignTools/2025.2/Vivado/tps/boost_1_72_0'
INFO: [USF-XSim-7] Finding pre-compiled libraries...
INFO: [USF-XSim-11] File 'D:/AMDDesignTools/2025.2/Vivado/data/xsim/xsim.ini' copied to run dir:'E:/Projects/FPGA/Pipelined_Processor/Pipelined_Processor.sim/sim_1/behav/xsim'
INFO: [SIM-utils-54] Inspecting design source files for 'tb_riscv' in fileset 'sim_1'...
INFO: [USF-XSim-97] Finding global include files...
INFO: [USF-XSim-100] Fetching design files from 'sources_1'...(this may take a while)...
INFO: [USF-XSim-101] Fetching design files from 'sim_1'...
INFO: [USF-XSim-2] XSim::Compile design
"xvlog --incr --relax -prj tb_riscv_vlog.prj"
"xvhdl --incr --relax -prj tb_riscv_vhdl.prj"
INFO: [USF-XSim-69] 'compile' step finished in '2' seconds
INFO: [USF-XSim-3] XSim::Elaborate design
"xelab --incr --debug typical --relax --mt 2 -L xil_defaultlib -L blk_mem_gen_v8_4_12 -L axi_lite_ipif_v3_0_4 -L axi_uartlite_v2_0_39 -L unisims_ver -L unimacro_ver -L secureip -L xpm --snapshot tb_riscv_behav xil_defaultlib.tb_riscv xil_defaultlib.glbl -log elaborate.log"
Vivado Simulator v2025.2
Copyright 1986-2022 Xilinx, Inc. All Rights Reserved.
Copyright 2022-2025 Advanced Micro Devices, Inc. All Rights Reserved.
Running: D:/AMDDesignTools/2025.2/Vivado/bin/unwrapped/win64.o/xelab.exe --incr --debug typical --relax --mt 2 -L xil_defaultlib -L blk_mem_gen_v8_4_12 -L axi_lite_ipif_v3_0_4 -L axi_uartlite_v2_0_39 -L unisims_ver -L unimacro_ver -L secureip -L xpm --snapshot tb_riscv_behav xil_defaultlib.tb_riscv xil_defaultlib.glbl -log elaborate.log 
Using 2 slave threads.
Starting static elaboration
Pass Through NonSizing Optimizer
Completed static elaboration
INFO: [XSIM 43-4323] No Change in HDL. Linking previously generated obj files to create kernel
INFO: [USF-XSim-69] 'elaborate' step finished in '2' seconds
INFO: [USF-XSim-4] XSim::Simulate design
INFO: [USF-XSim-98] *** Running xsim
   with args "tb_riscv_behav -key {Behavioral:sim_1:Functional:tb_riscv} -tclbatch {tb_riscv.tcl} -view {E:/Projects/FPGA/Pipelined_Processor/Pipelined_Processor.sim/tb_riscv_behav.wcfg} -log {simulate.log}"
INFO: [USF-XSim-8] Loading simulator feature
Time resolution is 1 ps
open_wave_config E:/Projects/FPGA/Pipelined_Processor/Pipelined_Processor.sim/tb_riscv_behav.wcfg
source tb_riscv.tcl
## set curr_wave [current_wave_config]
## if { [string length $curr_wave] == 0 } {
##   if { [llength [get_objects]] > 0} {
##     add_wave /
##     set_property needs_save false [current_wave_config]
##   } else {
##      send_msg_id Add_Wave-1 WARNING "No top level signals found. Simulator will start without a wave window. If you want to open a wave window go to 'File->New Waveform Configuration' or type 'create_wave_config' in the TCL console."
##   }
## }
## run 20us
 Block Memory Generator module loading initial data...
 Block Memory Generator data initialization complete.
Block Memory Generator module tb_riscv.dut.mem.inst.native_mem_mapped_module.blk_mem_gen_v8_4_12_inst is using a behavioral model for simulation which will not precisely model memory collision behavior.
--- Verilog: Test Passed (Write 1 to tohost) ---
$stop called at time : 10923666 ps : File "E:/Projects/RISC-V_CPU/Pipelined_Processor/tb/tb_riscv.v" Line 98
INFO: [USF-XSim-96] XSim completed. Design snapshot 'tb_riscv_behav' loaded.
INFO: [USF-XSim-97] XSim simulation ran for 20us
launch_simulation: Time (s): cpu = 00:00:01 ; elapsed = 00:00:06 . Memory (MB): peak = 561.633 ; gain = 0.000
--- Verilog: Test Passed (Write 1 to tohost) ---
$stop called at time : 11034777 ps : File "E:/Projects/RISC-V_CPU/Pipelined_Processor/tb/tb_riscv.v" Line 98
  -> PASS
Running Test: rv32ui-p-xor.hex ...
INFO: [Simtcl 6-16] Simulation closed
Command: launch_simulation 
INFO: [Vivado 12-25911] Executing simulation for 'XSim' simulator
INFO: [Vivado 12-28535] Process started - Mon Jan  5 15:03:43 2026

INFO: [Vivado 12-12493] Simulation top is 'tb_riscv'
INFO: [Vivado 12-5698] Checking validity of IPs in the design for the 'XSim' simulator...
INFO: [Vivado 12-5682] Launching behavioral simulation in 'E:/Projects/FPGA/Pipelined_Processor/Pipelined_Processor.sim/sim_1/behav/xsim'
INFO: [Vivado 12-13660] Precompiled IP simulation library mode is enabled (default). The design IP libraries will be referenced from the compiled library path. Please note that if the precompiled version of the library is not found from the path or the IP is in locked state, then the library source files for these IPs will be compiled locally as part of the compile order.
INFO: [Vivado 12-4795] Using compiled simulation libraries for IPs
INFO: [SIM-utils-51] Simulation object is 'sim_1'
INFO: [SIM-utils-72] Using boost library from 'D:/AMDDesignTools/2025.2/Vivado/tps/boost_1_72_0'
INFO: [USF-XSim-7] Finding pre-compiled libraries...
INFO: [USF-XSim-11] File 'D:/AMDDesignTools/2025.2/Vivado/data/xsim/xsim.ini' copied to run dir:'E:/Projects/FPGA/Pipelined_Processor/Pipelined_Processor.sim/sim_1/behav/xsim'
INFO: [SIM-utils-54] Inspecting design source files for 'tb_riscv' in fileset 'sim_1'...
INFO: [USF-XSim-97] Finding global include files...
INFO: [USF-XSim-100] Fetching design files from 'sources_1'...(this may take a while)...
INFO: [USF-XSim-101] Fetching design files from 'sim_1'...
INFO: [USF-XSim-2] XSim::Compile design
"xvlog --incr --relax -prj tb_riscv_vlog.prj"
"xvhdl --incr --relax -prj tb_riscv_vhdl.prj"
INFO: [USF-XSim-69] 'compile' step finished in '2' seconds
INFO: [USF-XSim-3] XSim::Elaborate design
"xelab --incr --debug typical --relax --mt 2 -L xil_defaultlib -L blk_mem_gen_v8_4_12 -L axi_lite_ipif_v3_0_4 -L axi_uartlite_v2_0_39 -L unisims_ver -L unimacro_ver -L secureip -L xpm --snapshot tb_riscv_behav xil_defaultlib.tb_riscv xil_defaultlib.glbl -log elaborate.log"
Vivado Simulator v2025.2
Copyright 1986-2022 Xilinx, Inc. All Rights Reserved.
Copyright 2022-2025 Advanced Micro Devices, Inc. All Rights Reserved.
Running: D:/AMDDesignTools/2025.2/Vivado/bin/unwrapped/win64.o/xelab.exe --incr --debug typical --relax --mt 2 -L xil_defaultlib -L blk_mem_gen_v8_4_12 -L axi_lite_ipif_v3_0_4 -L axi_uartlite_v2_0_39 -L unisims_ver -L unimacro_ver -L secureip -L xpm --snapshot tb_riscv_behav xil_defaultlib.tb_riscv xil_defaultlib.glbl -log elaborate.log 
Using 2 slave threads.
Starting static elaboration
Pass Through NonSizing Optimizer
Completed static elaboration
INFO: [XSIM 43-4323] No Change in HDL. Linking previously generated obj files to create kernel
INFO: [USF-XSim-69] 'elaborate' step finished in '2' seconds
INFO: [USF-XSim-4] XSim::Simulate design
INFO: [USF-XSim-98] *** Running xsim
   with args "tb_riscv_behav -key {Behavioral:sim_1:Functional:tb_riscv} -tclbatch {tb_riscv.tcl} -view {E:/Projects/FPGA/Pipelined_Processor/Pipelined_Processor.sim/tb_riscv_behav.wcfg} -log {simulate.log}"
INFO: [USF-XSim-8] Loading simulator feature
Time resolution is 1 ps
open_wave_config E:/Projects/FPGA/Pipelined_Processor/Pipelined_Processor.sim/tb_riscv_behav.wcfg
source tb_riscv.tcl
## set curr_wave [current_wave_config]
## if { [string length $curr_wave] == 0 } {
##   if { [llength [get_objects]] > 0} {
##     add_wave /
##     set_property needs_save false [current_wave_config]
##   } else {
##      send_msg_id Add_Wave-1 WARNING "No top level signals found. Simulator will start without a wave window. If you want to open a wave window go to 'File->New Waveform Configuration' or type 'create_wave_config' in the TCL console."
##   }
## }
## run 20us
 Block Memory Generator module loading initial data...
 Block Memory Generator data initialization complete.
Block Memory Generator module tb_riscv.dut.mem.inst.native_mem_mapped_module.blk_mem_gen_v8_4_12_inst is using a behavioral model for simulation which will not precisely model memory collision behavior.
--- Verilog: Test Passed (Write 1 to tohost) ---
$stop called at time : 9979222 ps : File "E:/Projects/RISC-V_CPU/Pipelined_Processor/tb/tb_riscv.v" Line 98
INFO: [USF-XSim-96] XSim completed. Design snapshot 'tb_riscv_behav' loaded.
INFO: [USF-XSim-97] XSim simulation ran for 20us
launch_simulation: Time (s): cpu = 00:00:00 ; elapsed = 00:00:06 . Memory (MB): peak = 561.633 ; gain = 0.000
--- Verilog: Test Passed (Write 1 to tohost) ---
$stop called at time : 10090333 ps : File "E:/Projects/RISC-V_CPU/Pipelined_Processor/tb/tb_riscv.v" Line 98
  -> PASS
Running Test: rv32ui-p-xori.hex ...
INFO: [Simtcl 6-16] Simulation closed
Command: launch_simulation 
INFO: [Vivado 12-25911] Executing simulation for 'XSim' simulator
INFO: [Vivado 12-28535] Process started - Mon Jan  5 15:03:50 2026

INFO: [Vivado 12-12493] Simulation top is 'tb_riscv'
INFO: [Vivado 12-5698] Checking validity of IPs in the design for the 'XSim' simulator...
INFO: [Vivado 12-5682] Launching behavioral simulation in 'E:/Projects/FPGA/Pipelined_Processor/Pipelined_Processor.sim/sim_1/behav/xsim'
INFO: [Vivado 12-13660] Precompiled IP simulation library mode is enabled (default). The design IP libraries will be referenced from the compiled library path. Please note that if the precompiled version of the library is not found from the path or the IP is in locked state, then the library source files for these IPs will be compiled locally as part of the compile order.
INFO: [Vivado 12-4795] Using compiled simulation libraries for IPs
INFO: [SIM-utils-51] Simulation object is 'sim_1'
INFO: [SIM-utils-72] Using boost library from 'D:/AMDDesignTools/2025.2/Vivado/tps/boost_1_72_0'
INFO: [USF-XSim-7] Finding pre-compiled libraries...
INFO: [USF-XSim-11] File 'D:/AMDDesignTools/2025.2/Vivado/data/xsim/xsim.ini' copied to run dir:'E:/Projects/FPGA/Pipelined_Processor/Pipelined_Processor.sim/sim_1/behav/xsim'
INFO: [SIM-utils-54] Inspecting design source files for 'tb_riscv' in fileset 'sim_1'...
INFO: [USF-XSim-97] Finding global include files...
INFO: [USF-XSim-100] Fetching design files from 'sources_1'...(this may take a while)...
INFO: [USF-XSim-101] Fetching design files from 'sim_1'...
INFO: [USF-XSim-2] XSim::Compile design
"xvlog --incr --relax -prj tb_riscv_vlog.prj"
"xvhdl --incr --relax -prj tb_riscv_vhdl.prj"
INFO: [USF-XSim-69] 'compile' step finished in '3' seconds
INFO: [USF-XSim-3] XSim::Elaborate design
"xelab --incr --debug typical --relax --mt 2 -L xil_defaultlib -L blk_mem_gen_v8_4_12 -L axi_lite_ipif_v3_0_4 -L axi_uartlite_v2_0_39 -L unisims_ver -L unimacro_ver -L secureip -L xpm --snapshot tb_riscv_behav xil_defaultlib.tb_riscv xil_defaultlib.glbl -log elaborate.log"
Vivado Simulator v2025.2
Copyright 1986-2022 Xilinx, Inc. All Rights Reserved.
Copyright 2022-2025 Advanced Micro Devices, Inc. All Rights Reserved.
Running: D:/AMDDesignTools/2025.2/Vivado/bin/unwrapped/win64.o/xelab.exe --incr --debug typical --relax --mt 2 -L xil_defaultlib -L blk_mem_gen_v8_4_12 -L axi_lite_ipif_v3_0_4 -L axi_uartlite_v2_0_39 -L unisims_ver -L unimacro_ver -L secureip -L xpm --snapshot tb_riscv_behav xil_defaultlib.tb_riscv xil_defaultlib.glbl -log elaborate.log 
Using 2 slave threads.
Starting static elaboration
Pass Through NonSizing Optimizer
Completed static elaboration
INFO: [XSIM 43-4323] No Change in HDL. Linking previously generated obj files to create kernel
INFO: [USF-XSim-69] 'elaborate' step finished in '2' seconds
INFO: [USF-XSim-4] XSim::Simulate design
INFO: [USF-XSim-98] *** Running xsim
   with args "tb_riscv_behav -key {Behavioral:sim_1:Functional:tb_riscv} -tclbatch {tb_riscv.tcl} -view {E:/Projects/FPGA/Pipelined_Processor/Pipelined_Processor.sim/tb_riscv_behav.wcfg} -log {simulate.log}"
INFO: [USF-XSim-8] Loading simulator feature
Time resolution is 1 ps
open_wave_config E:/Projects/FPGA/Pipelined_Processor/Pipelined_Processor.sim/tb_riscv_behav.wcfg
source tb_riscv.tcl
## set curr_wave [current_wave_config]
## if { [string length $curr_wave] == 0 } {
##   if { [llength [get_objects]] > 0} {
##     add_wave /
##     set_property needs_save false [current_wave_config]
##   } else {
##      send_msg_id Add_Wave-1 WARNING "No top level signals found. Simulator will start without a wave window. If you want to open a wave window go to 'File->New Waveform Configuration' or type 'create_wave_config' in the TCL console."
##   }
## }
## run 20us
 Block Memory Generator module loading initial data...
 Block Memory Generator data initialization complete.
Block Memory Generator module tb_riscv.dut.mem.inst.native_mem_mapped_module.blk_mem_gen_v8_4_12_inst is using a behavioral model for simulation which will not precisely model memory collision behavior.
--- Verilog: Test Passed (Write 1 to tohost) ---
$stop called at time : 5715332 ps : File "E:/Projects/RISC-V_CPU/Pipelined_Processor/tb/tb_riscv.v" Line 98
INFO: [USF-XSim-96] XSim completed. Design snapshot 'tb_riscv_behav' loaded.
INFO: [USF-XSim-97] XSim simulation ran for 20us
launch_simulation: Time (s): cpu = 00:00:01 ; elapsed = 00:00:06 . Memory (MB): peak = 561.633 ; gain = 0.000
--- Verilog: Test Passed (Write 1 to tohost) ---
$stop called at time : 5826444 ps : File "E:/Projects/RISC-V_CPU/Pipelined_Processor/tb/tb_riscv.v" Line 98
  -> PASS
# puts "\n========================================"

========================================
# puts "Test Summary"
Test Summary
# puts "========================================"
========================================
# puts "Total Passed: $pass_count"
Total Passed: 41
# puts "Total Failed: $fail_count"
Total Failed: 1
# if {$fail_count > 0} {
#     puts "Failed Tests:"
#     foreach f $failed_tests {
#         puts "  - $f"
#     }
# } else {
#     puts "ALL TESTS PASSED! CONGRATULATIONS!"
# }
Failed Tests:
  - rv32ui-p-ma_data.hex
# puts "========================================"
========================================
INFO: [Common 17-206] Exiting Vivado at Mon Jan  5 15:03:56 2026...
